,number,name,cat1,cat2,cat3,cat4,cat5,cat6,info,year
0,3005,Myyntituotot,tuloslaskelma,TOIMINTATUOTOT,Myyntituotot/Liikevaihto,,,,,2021
1,3070,Liiketoiminnan muut tuotot,tuloslaskelma,TOIMINTATUOTOT,Myyntituotot/Liikevaihto,,,,LL,2021
2,3295,Maksutuotot,tuloslaskelma,TOIMINTATUOTOT,Maksutuotot,,,,,2021
3,3300,Tuet ja avustukset (muilta),tuloslaskelma,TOIMINTATUOTOT,Tuet ja avustukset,,,,"Kunta, ky, LL",2021
4,3350,Tuet ja avustukset muilta kunnilta,tuloslaskelma,TOIMINTATUOTOT,Tuet ja avustukset,,,,,2021
5,3390,Palkkatuki,tuloslaskelma,TOIMINTATUOTOT,Tuet ja avustukset,,,,,2021
6,3499,"Vuokratuotot, muut",tuloslaskelma,TOIMINTATUOTOT,Muut toimintatuotot,,,,,2021
7,3440,Maa- ja vesialueiden vuokrat,tuloslaskelma,TOIMINTATUOTOT,Muut toimintatuotot,,,,,2021
8,3510,Pysyvien vastaavien hyödykkeiden luovutusvoitot,tuloslaskelma,TOIMINTATUOTOT,Muut toimintatuotot,,,,,2021
9,3521,Vakuutusyhtiöiden vahinkovakuutuskorvaukset,tuloslaskelma,TOIMINTATUOTOT,Muut toimintatuotot,,,,,2021
10,3530,Muut tuotot,tuloslaskelma,TOIMINTATUOTOT,Muut toimintatuotot,,,,,2021
11,3533,Liiketoiminnan muut tuotot,tuloslaskelma,TOIMINTATUOTOT,Muut toimintatuotot,,,,LL,2021
12,3536,Sakot ja uhkasakot,tuloslaskelma,TOIMINTATUOTOT,Muut toimintatuotot,,,,,2021
13,3560,Tuet ja avustukset kunnalta/kuntayhtymältä,tuloslaskelma,TOIMINTATUOTOT,Muut toimintatuotot,,,,LL,2021
14,3610,Valmiiden ja keskeneräisten tuotteiden varastojen lisäys tai vähennys,tuloslaskelma,TOIMINTATUOTOT,Valmistevarastojen muutos,,,,LL,2021
15,3710,Valmistus omaan käyttöön,tuloslaskelma,TOIMINTATUOTOT,VALMISTUS OMAAN KÄYTTÖÖN,,,,"Kunta, ky",2021
16,4000,Maksetut palkat ja palkkiot,tuloslaskelma,TOIMINTAKULUT,Henkilöstökulut,,,,,2021
17,4060,Jaksotetut palkat ja palkkiot,tuloslaskelma,TOIMINTAKULUT,Henkilöstökulut,,,,,2021
18,4065,Aktivoidut palkat ja palkkiot,tuloslaskelma,TOIMINTAKULUT,Henkilöstökulut,,,,,2021
19,4090,Henkilöstökorvaukset,tuloslaskelma,TOIMINTAKULUT,Henkilöstökulut,,,,,2021
20,4110,Eläkevakuutusmaksut,tuloslaskelma,TOIMINTAKULUT,Henkilöstökulut,,,,,2021
21,4120,Maksetut eläkkeet,tuloslaskelma,TOIMINTAKULUT,Henkilöstökulut,,,,,2021
22,4130,Jaksotetut eläkekulut,tuloslaskelma,TOIMINTAKULUT,Henkilöstökulut,,,,,2021
23,4135,Aktivoidut eläkemenot,tuloslaskelma,TOIMINTAKULUT,Henkilöstökulut,,,,,2021
24,4210,Muut henkilösivukulut,tuloslaskelma,TOIMINTAKULUT,Henkilöstökulut,,,,,2021
25,4190,Jaksotetut  sosiaalivakuutusmaksut,tuloslaskelma,TOIMINTAKULUT,Henkilöstökulut,,,,,2021
26,4200,Aktivoidut sosiaalivakuutusmaksut,tuloslaskelma,TOIMINTAKULUT,Henkilöstökulut,,,,,2021
27,4300,Asiakaspalvelujen ostot,tuloslaskelma,TOIMINTAKULUT,Palvelujen ostot,,,,,2021
28,4315,Palveluseteli,tuloslaskelma,TOIMINTAKULUT,Palvelujen ostot,,,,,2021
29,4340,Asiantuntijapalvelut,tuloslaskelma,TOIMINTAKULUT,Palvelujen ostot,,,,,2021
30,4341,Toimistopalvelut,tuloslaskelma,TOIMINTAKULUT,Palvelujen ostot,,,,,2021
31,4342,ICT-palvelut,tuloslaskelma,TOIMINTAKULUT,Palvelujen ostot,,,,,2021
32,4344,Rahoitus- ja pankkipalvelut,tuloslaskelma,TOIMINTAKULUT,Palvelujen ostot,,,,,2021
33,4346,Työvoiman vuokraus,tuloslaskelma,TOIMINTAKULUT,Palvelujen ostot,,,,,2021
34,4350,"Painatukset, ilmoitukset ja markkinointi",tuloslaskelma,TOIMINTAKULUT,Palvelujen ostot,,,,,2021
35,4360,Posti- ja kuriiripalvelut,tuloslaskelma,TOIMINTAKULUT,Palvelujen ostot,,,,,2021
36,4370,Vakuutukset,tuloslaskelma,TOIMINTAKULUT,Palvelujen ostot,,,,,2021
37,4380,Puhtaanapito- ja pesulapalvelut,tuloslaskelma,TOIMINTAKULUT,Palvelujen ostot,,,,,2021
38,4390,Rakennusten ja alueiden rakentamis- ja kunnossapitopalvelut,tuloslaskelma,TOIMINTAKULUT,Palvelujen ostot,,,,,2021
39,4400,"Koneiden, kaluston ja laitteiden rakentamis- ja kunnossapitopalvelut",tuloslaskelma,TOIMINTAKULUT,Palvelujen ostot,,,,,2021
40,4410,Majoitus- ja ravitsemispalvelut,tuloslaskelma,TOIMINTAKULUT,Palvelujen ostot,,,,,2021
41,4420,Matkustus- ja kuljetuspalvelut,tuloslaskelma,TOIMINTAKULUT,Palvelujen ostot,,,,,2021
42,4430,Sosiaali- ja terveyspalvelut,tuloslaskelma,TOIMINTAKULUT,Palvelujen ostot,,,,,2021
43,4440,Koulutus- ja kulttuuripalvelut,tuloslaskelma,TOIMINTAKULUT,Palvelujen ostot,,,,,2021
44,4445,Koulutuskorvaukset työnantajille,tuloslaskelma,TOIMINTAKULUT,Palvelujen ostot,,,,,2021
45,4450,Osuus verotuskustannuksiin,tuloslaskelma,TOIMINTAKULUT,Palvelujen ostot,,,,,2021
46,4460,Muut yhteistoimintaosuudet,tuloslaskelma,TOIMINTAKULUT,Palvelujen ostot,,,,,2021
47,4470,Muut palvelut,tuloslaskelma,TOIMINTAKULUT,Palvelujen ostot,,,,,2021
48,4480,Aktivoidut palvelujen ostot,tuloslaskelma,TOIMINTAKULUT,Palvelujen ostot,,,,,2021
49,4500,Toimisto- ja koulutarvikkeet,tuloslaskelma,TOIMINTAKULUT,"Aineet, tarvikkeet ja tavarat",,,,,2021
50,4510,Kirjallisuus,tuloslaskelma,TOIMINTAKULUT,"Aineet, tarvikkeet ja tavarat",,,,,2021
51,4520,Elintarvikkeet,tuloslaskelma,TOIMINTAKULUT,"Aineet, tarvikkeet ja tavarat",,,,,2021
52,4530,Vaatteisto,tuloslaskelma,TOIMINTAKULUT,"Aineet, tarvikkeet ja tavarat",,,,,2021
53,4533,Lääkkeet,tuloslaskelma,TOIMINTAKULUT,"Aineet, tarvikkeet ja tavarat",,,,,2021
54,4534,Hoitotarvikkeet,tuloslaskelma,TOIMINTAKULUT,"Aineet, tarvikkeet ja tavarat",,,,,2021
55,4550,Puhdistusaineet ja -tarvikkeet,tuloslaskelma,TOIMINTAKULUT,"Aineet, tarvikkeet ja tavarat",,,,,2021
56,4560,Poltto- ja voiteluaineet,tuloslaskelma,TOIMINTAKULUT,"Aineet, tarvikkeet ja tavarat",,,,,2021
57,4568,Lämmitys,tuloslaskelma,TOIMINTAKULUT,"Aineet, tarvikkeet ja tavarat",,,,,2021
58,4569,Sähkö ja kaasu,tuloslaskelma,TOIMINTAKULUT,"Aineet, tarvikkeet ja tavarat",,,,,2021
59,4570,Vesi,tuloslaskelma,TOIMINTAKULUT,"Aineet, tarvikkeet ja tavarat",,,,,2021
60,4580,Kalusto,tuloslaskelma,TOIMINTAKULUT,"Aineet, tarvikkeet ja tavarat",,,,,2021
61,4590,Rakennusmateriaali,tuloslaskelma,TOIMINTAKULUT,"Aineet, tarvikkeet ja tavarat",,,,,2021
62,4600,Muu materiaali,tuloslaskelma,TOIMINTAKULUT,"Aineet, tarvikkeet ja tavarat",,,,,2021
63,4640,"Pysyviin vastaaviin aktivoidut aineet, tarvikkeet ja tavarat",tuloslaskelma,TOIMINTAKULUT,"Aineet, tarvikkeet ja tavarat",,,,,2021
64,4670,Varastojen lisäys/vähennys,tuloslaskelma,TOIMINTAKULUT,"Aineet, tarvikkeet ja tavarat",,,,LL,2021
65,4710,"Omaishoidon tuki, hoitopalkkiot",tuloslaskelma,TOIMINTAKULUT,Avustukset,,,,,2021
66,4712,Kotihoidon tuki,tuloslaskelma,TOIMINTAKULUT,Avustukset,,,,,2021
67,4713,Kotihoidon tuen kuntalisä,tuloslaskelma,TOIMINTAKULUT,Avustukset,,,,,2021
68,4714,Yksityisen hoidon tuki,tuloslaskelma,TOIMINTAKULUT,Avustukset,,,,,2021
69,4715,Yksityisen hoidon tuen kuntalisä,tuloslaskelma,TOIMINTAKULUT,Avustukset,,,,,2021
70,4716,Osittainen hoitoraha,tuloslaskelma,TOIMINTAKULUT,Avustukset,,,,,2021
71,4717,Joustava hoitoraha,tuloslaskelma,TOIMINTAKULUT,Avustukset,,,,,2021
72,4721,Täydentävä toimeentulotuki,tuloslaskelma,TOIMINTAKULUT,Avustukset,,,,,2021
73,4722,Ehkäisevä toimeentulotuki,tuloslaskelma,TOIMINTAKULUT,Avustukset,,,,,2021
74,4723,Täydentävän ja ehkäisevän toimeentulotuen takaisinperintä,tuloslaskelma,TOIMINTAKULUT,Avustukset,,,,,2021
75,4739,Muut avustukset kotitalouksille,tuloslaskelma,TOIMINTAKULUT,Avustukset,,,,,2021
76,4742,Avustukset yhteisöille,tuloslaskelma,TOIMINTAKULUT,Avustukset,,,,,2021
77,4810,Maa- ja vesialueiden vuokrat,tuloslaskelma,TOIMINTAKULUT,Muut toimintakulut,,,,,2021
78,4820,Rakennusten ja huoneistojen vuokrat,tuloslaskelma,TOIMINTAKULUT,Muut toimintakulut,,,,,2021
79,4830,Koneiden ja laitteiden vuokrat,tuloslaskelma,TOIMINTAKULUT,Muut toimintakulut,,,,,2021
80,4890,Muut vuokrat,tuloslaskelma,TOIMINTAKULUT,Muut toimintakulut,,,,,2021
81,4899,Aktivoidut vuokrakulut,tuloslaskelma,TOIMINTAKULUT,Muut toimintakulut,,,,,2021
82,4901,Jätevero,tuloslaskelma,TOIMINTAKULUT,Muut toimintakulut,,,,,2021
83,4910,Muut välilliset ja välittömät verot,tuloslaskelma,TOIMINTAKULUT,Muut toimintakulut,,,,,2021
84,4920,Pysyvien vastaavien hyödykkeiden luovutustappiot,tuloslaskelma,TOIMINTAKULUT,Muut toimintakulut,,,,,2021
85,4921,Luottotappiot toimintatuotoista (myyntisaamiset),tuloslaskelma,TOIMINTAKULUT,Muut toimintakulut,,,,,2021
86,4930,Takaustappiot,tuloslaskelma,TOIMINTAKULUT,Muut toimintakulut,,,,,2021
87,4931,Takauskorvausten takaisinperinnät,tuloslaskelma,TOIMINTAKULUT,Muut toimintakulut,,,,,2021
88,4940,Muut toimintakulut,tuloslaskelma,TOIMINTAKULUT,Muut toimintakulut,,,,,2021
89,4990,Aktivoidut muut kulut,tuloslaskelma,TOIMINTAKULUT,Muut toimintakulut,,,,,2021
90,4996,Osuus osakkuusyhteisöjen voitosta,tuloslaskelma,TOIMINTAKULUT,Osuus osakkuusyhteisöjen voitosta (tappiosta),,,,,2021
91,4997,Osuus osakkuusyhteisöjen tappiosta,tuloslaskelma,TOIMINTAKULUT,Osuus osakkuusyhteisöjen voitosta (tappiosta),,,,,2021
92,5000,Kunnan tulovero,tuloslaskelma,TOIMINTAKULUT,Verotulot,,,,,2021
93,5100,Kiinteistövero,tuloslaskelma,TOIMINTAKULUT,Verotulot,,,,,2021
94,5200,Osuus yhteisöveron tuotosta,tuloslaskelma,TOIMINTAKULUT,Verotulot,,,,,2021
95,5400,Muut verotulot,tuloslaskelma,TOIMINTAKULUT,Verotulot,,,,,2021
96,5501,Kunnan peruspalvelujen valtionosuus (ilman tasauksia),tuloslaskelma,TOIMINTAKULUT,Valtionosuudet,,,,,2021
97,5502,Verotuloihin perustuva valtionosuuksien tasaus,tuloslaskelma,TOIMINTAKULUT,Valtionosuudet,,,,,2021
98,5503,Järjestelmämuutoksen tasaus,tuloslaskelma,TOIMINTAKULUT,Valtionosuudet,,,,,2021
99,5701,Opetus- ja kulttuuritoimen muut valtionosuudet,tuloslaskelma,TOIMINTAKULUT,Valtionosuudet,,,,,2021
100,5801,Harkinnanvarainen valtionosuuden korotus,tuloslaskelma,TOIMINTAKULUT,Valtionosuudet,,,,,2021
101,5850,Muut valtionosuudet,tuloslaskelma,TOIMINTAKULUT,Valtionosuudet,,,,,2021
102,5890,Verotulomenetysten kompensaatio,tuloslaskelma,TOIMINTAKULUT,Valtionosuudet,,,,,2021
103,6040,Korkotuotot antolainoista,tuloslaskelma,TOIMINTAKULUT,Rahoitustuotot ja -kulut,,,,,2021
104,6050,Muut korkotuotot,tuloslaskelma,TOIMINTAKULUT,Rahoitustuotot ja -kulut,,,,,2021
105,6055,Korkojohdannaisiin liittyvät korkotuotot ja -kulut (tuottoja suojaava),tuloslaskelma,TOIMINTAKULUT,Rahoitustuotot ja -kulut,,,,,2021
106,6100,Osinkotuotot ja osuuspääomien korot,tuloslaskelma,TOIMINTAKULUT,Rahoitustuotot ja -kulut,,,,,2021
107,6115,Korvaus peruspääomasta,tuloslaskelma,TOIMINTAKULUT,Rahoitustuotot ja -kulut,,,,"Kunta, ky",2021
108,6116,Korvaus jäännöspääomasta,tuloslaskelma,TOIMINTAKULUT,Rahoitustuotot ja -kulut,,,,"Kunta, ky",2021
109,6120,Verotilitysten korot ja korotukset,tuloslaskelma,TOIMINTAKULUT,Rahoitustuotot ja -kulut,,,,,2021
110,6130,Viivästyskorot,tuloslaskelma,TOIMINTAKULUT,Rahoitustuotot ja -kulut,,,,,2021
111,6140,Peruspääoman korot kuntayhtymiltä,tuloslaskelma,TOIMINTAKULUT,Rahoitustuotot ja -kulut,,,,Kunta,2021
112,6150,Kurssivoitot rahoituslainoista,tuloslaskelma,TOIMINTAKULUT,Rahoitustuotot ja -kulut,,,,,2021
113,6160,Arvopapereiden luovutusvoitot,tuloslaskelma,TOIMINTAKULUT,Rahoitustuotot ja -kulut,,,,,2021
114,6169,Korkojohdannaisiin liittyvät tuotot (ei-suojaava),tuloslaskelma,TOIMINTAKULUT,Rahoitustuotot ja -kulut,,,,,2021
115,6170,Muut rahoitustuotot,tuloslaskelma,TOIMINTAKULUT,Rahoitustuotot ja -kulut,,,,,2021
116,6176,Takausprovisiot,tuloslaskelma,TOIMINTAKULUT,Rahoitustuotot ja -kulut,,,,,2021
117,6180,Rahoitusarvopaperien arvonalentumisten oikaisut (Arvonalentumisten palautumiset),tuloslaskelma,TOIMINTAKULUT,Rahoitustuotot ja -kulut,,,,,2021
118,6250,Kunnalle/ky:lle maksetut korkokulut,tuloslaskelma,TOIMINTAKULUT,Rahoitustuotot ja -kulut,,,,LL,2021
119,6255,Korkokulut lainoista ulkopuolisilta,tuloslaskelma,TOIMINTAKULUT,Rahoitustuotot ja -kulut,,,,,2021
120,6270,Korkojohdannaisiin liittyvät korkokulut ja -tuotot (kuluja suojaava),tuloslaskelma,TOIMINTAKULUT,Rahoitustuotot ja -kulut,,,,,2021
121,6301,Peruspääoman korko,tuloslaskelma,TOIMINTAKULUT,Rahoitustuotot ja -kulut,,,,ky,2021
122,6304,Korvaus peruspääomasta,tuloslaskelma,TOIMINTAKULUT,Rahoitustuotot ja -kulut,,,,LL,2021
123,6306,Korvaus jäännöspääomasta,tuloslaskelma,TOIMINTAKULUT,Rahoitustuotot ja -kulut,,,,LL,2021
124,6330,Kurssitappiot rahoituslainoista,tuloslaskelma,TOIMINTAKULUT,Rahoitustuotot ja -kulut,,,,,2021
125,6335,Arvopapereiden luovutustappiot,tuloslaskelma,TOIMINTAKULUT,Rahoitustuotot ja -kulut,,,,,2021
126,6360,Arvonalentumiset vaihtuvien vastaavien rahoitusarvopapereista,tuloslaskelma,TOIMINTAKULUT,Rahoitustuotot ja -kulut,,,,,2021
127,6370,Arvonalentumiset pysyvien vastaavien sijoituksista (pl. toimialasijoittamisen osakkeet ja -osuudet),tuloslaskelma,TOIMINTAKULUT,Rahoitustuotot ja -kulut,,,,,2021
128,6379,Korkojohdannaisiin liittyvät kulut (ei-suojaava),tuloslaskelma,TOIMINTAKULUT,Rahoitustuotot ja -kulut,,,,,2021
129,6380,Muut rahoituskulut,tuloslaskelma,TOIMINTAKULUT,Rahoitustuotot ja -kulut,,,,,2021
130,7170,Suunnitelman mukaiset poistot,tuloslaskelma,TOIMINTAKULUT,Poistot ja arvonalentumiset,,,,,2021
131,7180,Kertaluonteiset poistot,tuloslaskelma,TOIMINTAKULUT,Poistot ja arvonalentumiset,,,,,2021
132,7190,"Pysyvien vastaavien hyödykkeiden luovutusvoitot ja -tappiot (epäolennaiset, ellei muissa tuotoissa/kuluissa)",tuloslaskelma,TOIMINTAKULUT,Poistot ja arvonalentumiset,,,,,2021
133,7220,Positiivinen eliminointiero,tuloslaskelma,TOIMINTAKULUT,Poistot ja arvonalentumiset,,,,,2021
134,7221,Negatiivinen eliminointiero,tuloslaskelma,TOIMINTAKULUT,Poistot ja arvonalentumiset,,,,,2021
135,7222,Konserniliikearvon poisto,tuloslaskelma,TOIMINTAKULUT,Poistot ja arvonalentumiset,,,,,2021
136,7223,Konsernireservin vähennys,tuloslaskelma,TOIMINTAKULUT,Poistot ja arvonalentumiset,,,,,2021
137,7230,Pysyvien vastaavien hyödykkeiden arvonalentumiset,tuloslaskelma,TOIMINTAKULUT,Poistot ja arvonalentumiset,,,,,2021
138,7240,Muut arvonalentumiset,tuloslaskelma,TOIMINTAKULUT,Poistot ja arvonalentumiset,,,,,2021
139,8000,Pysyvien vastaavien hyödykkeiden luovutusvoitot,tuloslaskelma,TOIMINTAKULUT,Satunnaiset tuotot ja kulut/Satunnaiset erät,,,,,2021
140,8010,Omistusosuuksien luovutukset,tuloslaskelma,TOIMINTAKULUT,Satunnaiset tuotot ja kulut/Satunnaiset erät,,,,,2021
141,8020,Vahingonkorvaukset ja sopimussakot,tuloslaskelma,TOIMINTAKULUT,Satunnaiset tuotot ja kulut/Satunnaiset erät,,,,,2021
142,8050,Muut satunnaiset tuotot,tuloslaskelma,TOIMINTAKULUT,Satunnaiset tuotot ja kulut/Satunnaiset erät,,,,,2021
143,8100,Pysyvien vastaavien hyödykkeiden luovutustappiot,tuloslaskelma,TOIMINTAKULUT,Satunnaiset tuotot ja kulut/Satunnaiset erät,,,,,2021
144,8110,Omistusosuuksien luovutukset,tuloslaskelma,TOIMINTAKULUT,Satunnaiset tuotot ja kulut/Satunnaiset erät,,,,,2021
145,8120,Vahingonkorvaukset ja sopimussakot,tuloslaskelma,TOIMINTAKULUT,Satunnaiset tuotot ja kulut/Satunnaiset erät,,,,,2021
146,8130,Annetut akordit ja konserniavustukset,tuloslaskelma,TOIMINTAKULUT,Satunnaiset tuotot ja kulut/Satunnaiset erät,,,,,2021
147,8150,Muut satunnaiset kulut,tuloslaskelma,TOIMINTAKULUT,Satunnaiset tuotot ja kulut/Satunnaiset erät,,,,,2021
148,8200,Tilinpäätössiirrot,tuloslaskelma,TOIMINTAKULUT,Satunnaiset tuotot ja kulut/Satunnaiset erät,,,,Kons,2021
149,8500,Poistoeron lisäys (-),tuloslaskelma,TOIMINTAKULUT,Poistoeron muutos / Poistoeron lisäys (-) tai vähennys (+),,,,,2021
150,8550,Poistoeron vähennys (+),tuloslaskelma,TOIMINTAKULUT,Poistoeron muutos / Poistoeron lisäys (-) tai vähennys (+),,,,,2021
151,8600,Varausten lisäys (-),tuloslaskelma,TOIMINTAKULUT,Varausten muutos / Varausten lisäys (-) tai vähennys (+),,,,,2021
152,8650,Varausten vähennys (+),tuloslaskelma,TOIMINTAKULUT,Varausten muutos / Varausten lisäys (-) tai vähennys (+),,,,,2021
153,8700,Rahastojen lisäys (-),tuloslaskelma,TOIMINTAKULUT,Rahastojen muutos / Rahastojen lisäys (-) tai vähennys (+),,,,,2021
154,8750,Rahastojen vähennys (+),tuloslaskelma,TOIMINTAKULUT,Rahastojen muutos / Rahastojen lisäys (-) tai vähennys (+),,,,,2021
155,8760,Tuloverot,tuloslaskelma,TOIMINTAKULUT,Rahastojen muutos / Rahastojen lisäys (-) tai vähennys (+),,,,LL,2021
156,8765,Tilikauden verot,tuloslaskelma,TOIMINTAKULUT,Rahastojen muutos / Rahastojen lisäys (-) tai vähennys (+),,,,Kons,2021
157,8766,Laskennalliset verot,tuloslaskelma,TOIMINTAKULUT,Rahastojen muutos / Rahastojen lisäys (-) tai vähennys (+),,,,Kons,2021
158,8780,Vähemmistöosuudet,tuloslaskelma,TOIMINTAKULUT,Rahastojen muutos / Rahastojen lisäys (-) tai vähennys (+),,,,Kons,2021
159,8800,Tilikauden ylijäämä (alijäämä),tuloslaskelma,TOIMINTAKULUT,Rahastojen muutos / Rahastojen lisäys (-) tai vähennys (+),,,,"Kunta, ky, LL, Kons",2021
160,1005,Tietokoneohjelmistot,tase,TASE VASTAAVAA,PYSYVÄT VASTAAVAT,Aineettomat hyödykkeet,Aineettomat oikeudet,,,2021
161,1006,Muut aineettomat oikeudet,tase,TASE VASTAAVAA,PYSYVÄT VASTAAVAT,Aineettomat hyödykkeet,Aineettomat oikeudet,,,2021
162,1012,Konserniliikearvo,tase,TASE VASTAAVAA,PYSYVÄT VASTAAVAT,Aineettomat hyödykkeet,,,,2021
163,1010,Muut pitkävaikutteiset menot,tase,TASE VASTAAVAA,PYSYVÄT VASTAAVAT,Aineettomat hyödykkeet,,,"Kunta, ky, LL, Kons",2021
164,1020,Ennakkomaksut,tase,TASE VASTAAVAA,PYSYVÄT VASTAAVAT,Aineettomat hyödykkeet,,,"Kunta, ky, LL, Kons",2021
165,1100,Maa- ja vesialueet,tase,TASE VASTAAVAA,PYSYVÄT VASTAAVAT,Aineelliset hyödykkeet,Maa- ja vesialueet (sis. arvonkorotukset),Maa- ja vesialueet (ilman arvonkorotuksia),,2021
166,1102,Kiinteistöjen liittymismaksut,tase,TASE VASTAAVAA,PYSYVÄT VASTAAVAT,Aineelliset hyödykkeet,Maa- ja vesialueet (sis. arvonkorotukset),Maa- ja vesialueet (ilman arvonkorotuksia),,2021
167,1104,Kiinteistöjen vuokraoikeudet ja niihin liittyvät liittymismaksut,tase,TASE VASTAAVAA,PYSYVÄT VASTAAVAT,Aineelliset hyödykkeet,Maa- ja vesialueet (sis. arvonkorotukset),Maa- ja vesialueet (ilman arvonkorotuksia),,2021
168,1105,Maa- ja vesialueiden arvonkorotukset,tase,TASE VASTAAVAA,PYSYVÄT VASTAAVAT,Aineelliset hyödykkeet,Maa- ja vesialueet (sis. arvonkorotukset),,,2021
169,1115,Asuinrakennukset,tase,TASE VASTAAVAA,PYSYVÄT VASTAAVAT,Aineelliset hyödykkeet,Rakennukset,,,2021
170,1116,Muut rakennukset,tase,TASE VASTAAVAA,PYSYVÄT VASTAAVAT,Aineelliset hyödykkeet,Rakennukset,,,2021
171,1130,Kiinteät rakenteet ja laitteet,tase,TASE VASTAAVAA,PYSYVÄT VASTAAVAT,Aineelliset hyödykkeet,,,"Kunta, ky, LL, Kons",2021
172,1160,Kuljetusvälineet,tase,TASE VASTAAVAA,PYSYVÄT VASTAAVAT,Aineelliset hyödykkeet,Koneet ja kalusto,,,2021
173,1165,Tietokonelaitteet,tase,TASE VASTAAVAA,PYSYVÄT VASTAAVAT,Aineelliset hyödykkeet,Koneet ja kalusto,,,2021
174,1166,Viestintälaitteet,tase,TASE VASTAAVAA,PYSYVÄT VASTAAVAT,Aineelliset hyödykkeet,Koneet ja kalusto,,,2021
175,1170,Muut koneet ja kalusto,tase,TASE VASTAAVAA,PYSYVÄT VASTAAVAT,Aineelliset hyödykkeet,Koneet ja kalusto,,,2021
176,1180,Luonnonvarat,tase,TASE VASTAAVAA,PYSYVÄT VASTAAVAT,Aineelliset hyödykkeet,Muut aineelliset hyödykkeet,,,2021
177,1184,Arvo- ja taide-esineet,tase,TASE VASTAAVAA,PYSYVÄT VASTAAVAT,Aineelliset hyödykkeet,Muut aineelliset hyödykkeet,,,2021
178,1187,Muut hyödykkeet,tase,TASE VASTAAVAA,PYSYVÄT VASTAAVAT,Aineelliset hyödykkeet,Muut aineelliset hyödykkeet,,,2021
179,1190,Ennakkomaksut,tase,TASE VASTAAVAA,PYSYVÄT VASTAAVAT,Aineelliset hyödykkeet,Ennakkomaksut ja keskeneräiset hankinnat,,,2021
180,1195,Keskeneräiset hankinnat,tase,TASE VASTAAVAA,PYSYVÄT VASTAAVAT,Aineelliset hyödykkeet,Ennakkomaksut ja keskeneräiset hankinnat,,,2021
181,1200,Osakkuusyhteisöosakkeet ja -osuudet,tase,TASE VASTAAVAA,PYSYVÄT VASTAAVAT,Sijoitukset,Osakkuusyhteisöosuudet,,,2021
182,1201,Yhteisyhteisöosakkeet ja -osuudet,tase,TASE VASTAAVAA,PYSYVÄT VASTAAVAT,Sijoitukset,Osakkuusyhteisöosuudet,,,2021
183,1202,Muut osakkeet ja osuudet,tase,TASE VASTAAVAA,PYSYVÄT VASTAAVAT,Sijoitukset,Osakkuusyhteisöosuudet,,,2021
184,1204,Osakkeet ja osuudet tytäryhteisöissä,tase,TASE VASTAAVAA,PYSYVÄT VASTAAVAT,Sijoitukset,Osakkeet ja osuudet,,,2021
185,1205,Asunto-osakkeet tytäryhteisöissä,tase,TASE VASTAAVAA,PYSYVÄT VASTAAVAT,Sijoitukset,Osakkeet ja osuudet,,,2021
186,1206,Kuntayhtymäosuudet,tase,TASE VASTAAVAA,PYSYVÄT VASTAAVAT,Sijoitukset,Osakkeet ja osuudet,,,2021
187,1209,Liikelaitosten peruspääomaosuudet,tase,TASE VASTAAVAA,PYSYVÄT VASTAAVAT,Sijoitukset,Osakkeet ja osuudet,,,2021
188,1210,Muiden taseyksiköiden peruspääomaosuudet,tase,TASE VASTAAVAA,PYSYVÄT VASTAAVAT,Sijoitukset,Osakkeet ja osuudet,,,2021
189,1212,Muut osakkeet ja osuudet,tase,TASE VASTAAVAA,PYSYVÄT VASTAAVAT,Sijoitukset,Osakkeet ja osuudet,,,2021
190,1213,Muut asunto-osakkeet,tase,TASE VASTAAVAA,PYSYVÄT VASTAAVAT,Sijoitukset,Osakkeet ja osuudet,,,2021
191,1214,Osakkeiden ja osuuksien arvonkorotukset,tase,TASE VASTAAVAA,PYSYVÄT VASTAAVAT,Sijoitukset,Osakkeet ja osuudet,,,2021
192,1222,Joukkovelkakirjalainasaamiset,tase,TASE VASTAAVAA,PYSYVÄT VASTAAVAT,Sijoitukset,,,"Kunta, ky, LL, Kons",2021
193,1237,Pääomalainasaamiset,tase,TASE VASTAAVAA,PYSYVÄT VASTAAVAT,Sijoitukset,Muut lainasaamiset,,,2021
194,1239,Muut lainasaamiset,tase,TASE VASTAAVAA,PYSYVÄT VASTAAVAT,Sijoitukset,Muut lainasaamiset,,,2021
195,1247,Muut saamiset,tase,TASE VASTAAVAA,PYSYVÄT VASTAAVAT,Sijoitukset,Muut saamiset,,,2021
196,1248,Liittymismaksut palautettavat,tase,TASE VASTAAVAA,PYSYVÄT VASTAAVAT,Sijoitukset,Muut saamiset,,,2021
197,1410,Välitetyt valtion lainat,tase,TASE VASTAAVAA,TOIMEKSIANTOJEN VARAT,Valtion toimeksiannot,,,,2021
198,1420,Muut valtion toimeksiannot,tase,TASE VASTAAVAA,TOIMEKSIANTOJEN VARAT,Valtion toimeksiannot,,,,2021
199,1440,Lahjoitusrahastojen varat,tase,TASE VASTAAVAA,TOIMEKSIANTOJEN VARAT,,,,"Kunta, ky, LL, Kons",2021
200,1460,Muut toimeksiantojen varat,tase,TASE VASTAAVAA,TOIMEKSIANTOJEN VARAT,,,,"Kunta, ky, LL, Kons",2021
201,1500,Aineet ja tarvikkeet,tase,TASE VASTAAVAA,VAIHTUVAT VASTAAVAT,Vaihto-omaisuus,,,"Kunta, ky, LL, Kons",2021
202,1530,Keskeneräiset tuotteet,tase,TASE VASTAAVAA,VAIHTUVAT VASTAAVAT,Vaihto-omaisuus,,,"Kunta, ky, LL, Kons",2021
203,1550,Valmiit tuotteet,tase,TASE VASTAAVAA,VAIHTUVAT VASTAAVAT,Vaihto-omaisuus,,,"Kunta, ky, LL, Kons",2021
204,1570,Muu vaihto-omaisuus,tase,TASE VASTAAVAA,VAIHTUVAT VASTAAVAT,Vaihto-omaisuus,,,"Kunta, ky, LL, Kons",2021
205,1590,Ennakkomaksut,tase,TASE VASTAAVAA,VAIHTUVAT VASTAAVAT,Vaihto-omaisuus,,,"Kunta, ky, LL, Kons",2021
206,1600,Myyntisaamiset,tase,TASE VASTAAVAA,VAIHTUVAT VASTAAVAT,Saamiset,Pitkäaikaiset saamiset,,"Kunta, ky, LL, Kons",2021
207,1630,Lainasaamiset,tase,TASE VASTAAVAA,VAIHTUVAT VASTAAVAT,Saamiset,Pitkäaikaiset saamiset,,"Kunta, ky, LL, Kons",2021
208,1640,Saamiset kunnalta ja kuntayhtymältä,tase,TASE VASTAAVAA,VAIHTUVAT VASTAAVAT,Saamiset,Pitkäaikaiset saamiset,,LL,2021
209,1650,Laskennalliset verosaamiset,tase,TASE VASTAAVAA,VAIHTUVAT VASTAAVAT,Saamiset,Pitkäaikaiset saamiset,,Kons,2021
210,1688,Muut saamiset,tase,TASE VASTAAVAA,VAIHTUVAT VASTAAVAT,Saamiset,Pitkäaikaiset saamiset,,"Kunta, ky, LL, Kons",2021
211,1711,Siirtyvät korot,tase,TASE VASTAAVAA,VAIHTUVAT VASTAAVAT,Saamiset,Pitkäaikaiset saamiset,Siirtosaamiset,,2021
212,1712,Muut siirtosaamiset,tase,TASE VASTAAVAA,VAIHTUVAT VASTAAVAT,Saamiset,Pitkäaikaiset saamiset,Siirtosaamiset,,2021
213,1720,Myyntisaamiset,tase,TASE VASTAAVAA,VAIHTUVAT VASTAAVAT,Saamiset,Lyhytaikaiset saamiset,,"Kunta, ky, LL, Kons",2021
214,1750,Lainasaamiset,tase,TASE VASTAAVAA,VAIHTUVAT VASTAAVAT,Saamiset,Lyhytaikaiset saamiset,,"Kunta, ky, LL, Kons",2021
215,1760,Saamiset kunnalta ja kuntayhtymältä,tase,TASE VASTAAVAA,VAIHTUVAT VASTAAVAT,Saamiset,Lyhytaikaiset saamiset,,LL,2021
216,1770,Laskennalliset verosaamiset,tase,TASE VASTAAVAA,VAIHTUVAT VASTAAVAT,Saamiset,Lyhytaikaiset saamiset,,Kons,2021
217,1800,Muut saamiset,tase,TASE VASTAAVAA,VAIHTUVAT VASTAAVAT,Saamiset,Lyhytaikaiset saamiset,Muut saamiset,,2021
218,1810,Alv-saamiset,tase,TASE VASTAAVAA,VAIHTUVAT VASTAAVAT,Saamiset,Lyhytaikaiset saamiset,Muut saamiset,,2021
219,1816,Siirtyvät korot,tase,TASE VASTAAVAA,VAIHTUVAT VASTAAVAT,Saamiset,Lyhytaikaiset saamiset,Siirtosaamiset,,2021
220,1829,Muut siirtosaamiset,tase,TASE VASTAAVAA,VAIHTUVAT VASTAAVAT,Saamiset,Lyhytaikaiset saamiset,Siirtosaamiset,,2021
221,1830,Osakkeet ja osuudet,tase,TASE VASTAAVAA,VAIHTUVAT VASTAAVAT,Rahoitusarvopaperit,,,"Kunta, ky, LL, Kons",2021
222,1850,Sijoitukset valtion velkasitoumuksiin,tase,TASE VASTAAVAA,VAIHTUVAT VASTAAVAT,Rahoitusarvopaperit,Sijoitukset rahamarkkinainstrumentteihin,,,2021
223,1855,Sijoitukset kuntatodistuksiin,tase,TASE VASTAAVAA,VAIHTUVAT VASTAAVAT,Rahoitusarvopaperit,Sijoitukset rahamarkkinainstrumentteihin,,,2021
224,1860,Sijoitukset muihin rahamarkkinainstrumentteihin,tase,TASE VASTAAVAA,VAIHTUVAT VASTAAVAT,Rahoitusarvopaperit,Sijoitukset rahamarkkinainstrumentteihin,,,2021
225,1870,Joukkovelkakirjalainasaamiset,tase,TASE VASTAAVAA,VAIHTUVAT VASTAAVAT,Rahoitusarvopaperit,,,"Kunta, ky, LL, Kons",2021
226,1891,Rahasto-osuudet (yhteensä),tase,TASE VASTAAVAA,VAIHTUVAT VASTAAVAT,Rahoitusarvopaperit,Muut arvopaperit,,,2021
227,1892,Muut arvopaperit,tase,TASE VASTAAVAA,VAIHTUVAT VASTAAVAT,Rahoitusarvopaperit,Muut arvopaperit,,,2021
228,1900,Rahat ja pankkisaamiset,tase,TASE VASTAAVAA,VAIHTUVAT VASTAAVAT,,,,"Kunta, ky, LL, Kons",2021
229,2000,Peruspääoma,tase,TASE VASTATTAVAA,OMA PÄÄOMA,,,,"Kunta, ky, LL, Kons",2021
230,2005,Säätiöiden ja yhdistysten peruspääomat,tase,TASE VASTATTAVAA,OMA PÄÄOMA,,,,Kons,2021
231,2010,Arvonkorotusrahasto,tase,TASE VASTATTAVAA,OMA PÄÄOMA,,,,"Kunta, ky, LL, Kons",2021
232,2015,Muut omat rahastot,tase,TASE VASTATTAVAA,OMA PÄÄOMA,,,,"Kunta, ky, LL, Kons",2021
233,2040,Edellisten tilikausien ylijäämä (alijäämä),tase,TASE VASTATTAVAA,OMA PÄÄOMA,,,,"Kunta, ky, LL, Kons",2021
234,2050,Tilikauden ylijäämä (alijäämä),tase,TASE VASTATTAVAA,OMA PÄÄOMA,,,,"Kunta, ky, LL, Kons",2021
235,2060,Vähemmistöosuudet,tase,TASE VASTATTAVAA,VÄHEMMISTÖOSUUDET,,,,,2021
236,2100,Poistoero,tase,TASE VASTATTAVAA,POISTOERO JA VAPAAEHTOISET VARAUKSET,,,,"Kunta, ky, LL",2021
237,2110,Vapaaehtoiset varaukset,tase,TASE VASTATTAVAA,POISTOERO JA VAPAAEHTOISET VARAUKSET,,,,"Kunta, ky, LL",2021
238,2120,Eläkevaraukset,tase,TASE VASTATTAVAA,PAKOLLISET VARAUKSET,,,,"Kunta, ky, LL, Kons",2021
239,2130,Muut pakolliset varaukset,tase,TASE VASTATTAVAA,PAKOLLISET VARAUKSET,,,,"Kunta, ky, LL, Kons",2021
240,2300,Välitettävät valtion lainat,tase,TASE VASTATTAVAA,TOIMEKSIANTOJEN PÄÄOMAT,Valtion toimeksiannot,,,,2021
241,2310,Välitetyt valtion lainat,tase,TASE VASTATTAVAA,TOIMEKSIANTOJEN PÄÄOMAT,Valtion toimeksiannot,,,,2021
242,2320,Muut valtion toimeksiantojen pääomat,tase,TASE VASTATTAVAA,TOIMEKSIANTOJEN PÄÄOMAT,Valtion toimeksiannot,,,,2021
243,2325,Lahjoitusrahastojen pääomat,tase,TASE VASTATTAVAA,TOIMEKSIANTOJEN PÄÄOMAT,,,,"Kunta, ky, LL, Kons",2021
244,2330,Muut toimeksiantojen pääomat,tase,TASE VASTATTAVAA,TOIMEKSIANTOJEN PÄÄOMAT,,,,"Kunta, ky, LL, Kons",2021
245,2399,Konsernireservi,tase,TASE VASTATTAVAA,KONSERNIRESERVI,,,,,2021
246,2400,Joukkovelkakirjalainat,tase,TASE VASTATTAVAA,VIERAS PÄÄOMA,Pitkäaikainen (korollinen vieras pääoma),,,"Kunta, ky, LL, Kons",2021
247,2410,Lainat rahoitus- ja vakuutuslaitoksilta,tase,TASE VASTATTAVAA,VIERAS PÄÄOMA,Pitkäaikainen (korollinen vieras pääoma),,,"Kunta, ky, LL, Kons",2021
248,2415,Lainat kunnalta/kuntayhtymältä,tase,TASE VASTATTAVAA,VIERAS PÄÄOMA,Pitkäaikainen (korollinen vieras pääoma),,,LL,2021
249,2420,Lainat julkisyhteisöiltä,tase,TASE VASTATTAVAA,VIERAS PÄÄOMA,Pitkäaikainen (korollinen vieras pääoma),,,"Kunta, ky, LL, Kons",2021
250,2430,Lainat muilta luotonantajilta,tase,TASE VASTATTAVAA,VIERAS PÄÄOMA,Pitkäaikainen (korollinen vieras pääoma),,,"Kunta, ky, LL, Kons",2021
251,2449,Saadut ennakot,tase,TASE VASTATTAVAA,VIERAS PÄÄOMA,Pitkäaikainen (koroton vieras pääoma),,,"Kunta, ky, LL, Kons",2021
252,2457,Ostovelat,tase,TASE VASTATTAVAA,VIERAS PÄÄOMA,Pitkäaikainen (koroton vieras pääoma),,,"Kunta, ky, LL, Kons",2021
253,2458,Korottomat velat kunnalta/kuntayhtymältä,tase,TASE VASTATTAVAA,VIERAS PÄÄOMA,Pitkäaikainen (koroton vieras pääoma),,,LL,2021
254,2460,Johdannaissopimusten perusteella vastaanotetut käteisvakuudet,tase,TASE VASTATTAVAA,VIERAS PÄÄOMA,Pitkäaikainen (koroton vieras pääoma),Muut velat/Liittymismaksut ja muut velat,,,2021
255,2469,Liittymismaksut ja muut velat,tase,TASE VASTATTAVAA,VIERAS PÄÄOMA,Pitkäaikainen (koroton vieras pääoma),Muut velat/Liittymismaksut ja muut velat,,,2021
256,2470,Siirtovelat,tase,TASE VASTATTAVAA,VIERAS PÄÄOMA,Pitkäaikainen (koroton vieras pääoma),,,"Kunta, ky, LL, Kons",2021
257,2480,Laskennalliset verovelat,tase,TASE VASTATTAVAA,VIERAS PÄÄOMA,Pitkäaikainen (koroton vieras pääoma),,,Kons,2021
258,2500,Joukkovelkakirjalainat,tase,TASE VASTATTAVAA,VIERAS PÄÄOMA,Lyhytaikainen,Lyhytaikainen (korollinen vieras pääoma),,"Kunta, ky, LL, Kons",2021
259,2501,"Pitkäaikaisten lainojen seuraavan vuoden lyhennykset, joukkovelkakirjalainat",tase,TASE VASTATTAVAA,VIERAS PÄÄOMA,Lyhytaikainen,Lyhytaikainen (korollinen vieras pääoma),,"Kunta, ky, LL, Kons",2021
260,2510,Lainat rahoitus- ja vakuutuslaitoksilta,tase,TASE VASTATTAVAA,VIERAS PÄÄOMA,Lyhytaikainen,Lyhytaikainen (korollinen vieras pääoma),,"Kunta, ky, LL, Kons",2021
261,2511,"Pitkäaikaisten lainojen seuraavan vuoden lyhennykset, lainat rahoitus- ja vakuutuslaitoksilta",tase,TASE VASTATTAVAA,VIERAS PÄÄOMA,Lyhytaikainen,Lyhytaikainen (korollinen vieras pääoma),,"Kunta, ky, LL, Kons",2021
262,2515,Lainat kunnalta/kuntayhtymältä,tase,TASE VASTATTAVAA,VIERAS PÄÄOMA,Lyhytaikainen,Lyhytaikainen (korollinen vieras pääoma),,LL,2021
263,2516,"Pitkäaikaisten lainojen seuraavan vuoden lyhennykset, lainat kunnalta/kuntayhtymältä",tase,TASE VASTATTAVAA,VIERAS PÄÄOMA,Lyhytaikainen,Lyhytaikainen (korollinen vieras pääoma),,LL,2021
264,2520,Lainat julkisyhteisöiltä,tase,TASE VASTATTAVAA,VIERAS PÄÄOMA,Lyhytaikainen,Lyhytaikainen (korollinen vieras pääoma),,"Kunta, ky, LL, Kons",2021
265,2521,"Pitkäaikaisten lainojen seuraavan vuoden lyhennykset, lainat julkisyhteisöiltä, tili",tase,TASE VASTATTAVAA,VIERAS PÄÄOMA,Lyhytaikainen,Lyhytaikainen (korollinen vieras pääoma),,"Kunta, ky, LL, Kons",2021
266,2530,Lainat muilta luotonantajilta,tase,TASE VASTATTAVAA,VIERAS PÄÄOMA,Lyhytaikainen,Lyhytaikainen (korollinen vieras pääoma),,"Kunta, ky, LL, Kons",2021
267,2531,"Pitkäaikaisten lainojen seuraavan vuoden lyhennykset, lainat muilta luotonantajilta, tili",tase,TASE VASTATTAVAA,VIERAS PÄÄOMA,Lyhytaikainen,Lyhytaikainen (korollinen vieras pääoma),,"Kunta, ky, LL, Kons",2021
268,2540,Saadut ennakot,tase,TASE VASTATTAVAA,VIERAS PÄÄOMA,Lyhytaikainen,Lyhytaikainen (koroton vieras pääoma),,"Kunta, ky, LL, Kons",2021
269,2545,Ostovelat,tase,TASE VASTATTAVAA,VIERAS PÄÄOMA,Lyhytaikainen,Lyhytaikainen (koroton vieras pääoma),,"Kunta, ky, LL, Kons",2021
270,2550,Korottomat velat kunnalta/kuntayhtymältä,tase,TASE VASTATTAVAA,VIERAS PÄÄOMA,Lyhytaikainen,Lyhytaikainen (koroton vieras pääoma),,LL,2021
271,2561,Johdannaissopimusten perusteella vastaanotetut käteisvakuudet,tase,TASE VASTATTAVAA,VIERAS PÄÄOMA,Lyhytaikainen,Lyhytaikainen (koroton vieras pääoma),Muut velat/Liittymismaksut ja muut velat,,2021
272,2563,Alv-velka,tase,TASE VASTATTAVAA,VIERAS PÄÄOMA,Lyhytaikainen,Lyhytaikainen (koroton vieras pääoma),Muut velat/Liittymismaksut ja muut velat,,2021
273,2568,Liittymismaksuvelat,tase,TASE VASTATTAVAA,VIERAS PÄÄOMA,Lyhytaikainen,Lyhytaikainen (koroton vieras pääoma),Muut velat/Liittymismaksut ja muut velat,,2021
274,2569,Muut velat,tase,TASE VASTATTAVAA,VIERAS PÄÄOMA,Lyhytaikainen,Lyhytaikainen (koroton vieras pääoma),Muut velat/Liittymismaksut ja muut velat,,2021
275,2579,Siirtyvät korot,tase,TASE VASTATTAVAA,VIERAS PÄÄOMA,Lyhytaikainen,Lyhytaikainen (koroton vieras pääoma),Siirtovelat,,2021
276,2580,Lomapalkkajaksotus,tase,TASE VASTATTAVAA,VIERAS PÄÄOMA,Lyhytaikainen,Lyhytaikainen (koroton vieras pääoma),Siirtovelat,,2021
277,2589,Muut siirtovelat,tase,TASE VASTATTAVAA,VIERAS PÄÄOMA,Lyhytaikainen,Lyhytaikainen (koroton vieras pääoma),Siirtovelat,,2021
278,2590,Laskennalliset verovelat,tase,TASE VASTATTAVAA,VIERAS PÄÄOMA,Lyhytaikainen,Lyhytaikainen (koroton vieras pääoma),,Kons,2021
0,3005,Myyntituotot,tuloslaskelma,TOIMINTATUOTOT,Myyntituotot/Liikevaihto,,,,,2022
1,3070,Liiketoiminnan muut tuotot,tuloslaskelma,TOIMINTATUOTOT,Myyntituotot/Liikevaihto,,,,LL,2022
2,3295,Maksutuotot,tuloslaskelma,TOIMINTATUOTOT,Maksutuotot,,,,,2022
3,3300,Tuet ja avustukset (muilta),tuloslaskelma,TOIMINTATUOTOT,Tuet ja avustukset,,,,"Kunta, ky, LL",2022
4,3390,Palkkatuki,tuloslaskelma,TOIMINTATUOTOT,Tuet ja avustukset,,,,,2022
5,3499,"Vuokratuotot, muut",tuloslaskelma,TOIMINTATUOTOT,Muut toimintatuotot,,,,,2022
6,3440,Maa- ja vesialueiden vuokrat,tuloslaskelma,TOIMINTATUOTOT,Muut toimintatuotot,,,,,2022
7,3510,Pysyvien vastaavien hyödykkeiden luovutusvoitot,tuloslaskelma,TOIMINTATUOTOT,Muut toimintatuotot,,,,,2022
8,3521,Vakuutusyhtiöiden vahinkovakuutuskorvaukset,tuloslaskelma,TOIMINTATUOTOT,Muut toimintatuotot,,,,,2022
9,3530,Muut tuotot,tuloslaskelma,TOIMINTATUOTOT,Muut toimintatuotot,,,,,2022
10,3533,Liiketoiminnan muut tuotot,tuloslaskelma,TOIMINTATUOTOT,Muut toimintatuotot,,,,LL,2022
11,3536,Sakot ja uhkasakot,tuloslaskelma,TOIMINTATUOTOT,Muut toimintatuotot,,,,,2022
12,3560,Tuet ja avustukset kunnalta/kuntayhtymältä,tuloslaskelma,TOIMINTATUOTOT,Muut toimintatuotot,,,,LL,2022
13,3610,Valmiiden ja keskeneräisten tuotteiden varastojen lisäys tai vähennys,tuloslaskelma,TOIMINTATUOTOT,Valmistevarastojen muutos,,,,"Kunta, ky, LL",2022
14,3710,Valmistus omaan käyttöön,tuloslaskelma,TOIMINTATUOTOT,VALMISTUS OMAAN KÄYTTÖÖN,,,,"Kunta, ky",2022
15,4000,Maksetut palkat ja palkkiot,tuloslaskelma,TOIMINTAKULUT,Henkilöstökulut,,,,,2022
16,4060,Jaksotetut palkat ja palkkiot,tuloslaskelma,TOIMINTAKULUT,Henkilöstökulut,,,,,2022
17,4065,Aktivoidut palkat ja palkkiot,tuloslaskelma,TOIMINTAKULUT,Henkilöstökulut,,,,,2022
18,4090,Henkilöstökorvaukset,tuloslaskelma,TOIMINTAKULUT,Henkilöstökulut,,,,,2022
19,4110,Eläkevakuutusmaksut,tuloslaskelma,TOIMINTAKULUT,Henkilöstökulut,,,,,2022
20,4120,Maksetut eläkkeet,tuloslaskelma,TOIMINTAKULUT,Henkilöstökulut,,,,,2022
21,4130,Jaksotetut eläkekulut,tuloslaskelma,TOIMINTAKULUT,Henkilöstökulut,,,,,2022
22,4135,Aktivoidut eläkemenot,tuloslaskelma,TOIMINTAKULUT,Henkilöstökulut,,,,,2022
23,4210,Muut henkilösivukulut,tuloslaskelma,TOIMINTAKULUT,Henkilöstökulut,,,,,2022
24,4190,Jaksotetut  sosiaalivakuutusmaksut,tuloslaskelma,TOIMINTAKULUT,Henkilöstökulut,,,,,2022
25,4200,Aktivoidut sosiaalivakuutusmaksut,tuloslaskelma,TOIMINTAKULUT,Henkilöstökulut,,,,,2022
26,4300,Asiakaspalvelujen ostot,tuloslaskelma,TOIMINTAKULUT,Palvelujen ostot,,,,,2022
27,4315,Palveluseteli,tuloslaskelma,TOIMINTAKULUT,Palvelujen ostot,,,,,2022
28,4340,Asiantuntijapalvelut,tuloslaskelma,TOIMINTAKULUT,Palvelujen ostot,,,,,2022
29,4341,Toimistopalvelut,tuloslaskelma,TOIMINTAKULUT,Palvelujen ostot,,,,,2022
30,4342,ICT-palvelut,tuloslaskelma,TOIMINTAKULUT,Palvelujen ostot,,,,,2022
31,4344,Rahoitus- ja pankkipalvelut,tuloslaskelma,TOIMINTAKULUT,Palvelujen ostot,,,,,2022
32,4346,Työvoiman vuokraus,tuloslaskelma,TOIMINTAKULUT,Palvelujen ostot,,,,,2022
33,4350,"Painatukset, ilmoitukset ja markkinointi",tuloslaskelma,TOIMINTAKULUT,Palvelujen ostot,,,,,2022
34,4360,Posti- ja kuriiripalvelut,tuloslaskelma,TOIMINTAKULUT,Palvelujen ostot,,,,,2022
35,4370,Vakuutukset,tuloslaskelma,TOIMINTAKULUT,Palvelujen ostot,,,,,2022
36,4380,Puhtaanapito- ja pesulapalvelut,tuloslaskelma,TOIMINTAKULUT,Palvelujen ostot,,,,,2022
37,4390,Rakennusten ja alueiden rakentamis- ja kunnossapitopalvelut,tuloslaskelma,TOIMINTAKULUT,Palvelujen ostot,,,,,2022
38,4400,"Koneiden, kaluston ja laitteiden rakentamis- ja kunnossapitopalvelut",tuloslaskelma,TOIMINTAKULUT,Palvelujen ostot,,,,,2022
39,4410,Majoitus- ja ravitsemispalvelut,tuloslaskelma,TOIMINTAKULUT,Palvelujen ostot,,,,,2022
40,4420,Matkustus- ja kuljetuspalvelut,tuloslaskelma,TOIMINTAKULUT,Palvelujen ostot,,,,,2022
41,4430,Sosiaali- ja terveyspalvelut,tuloslaskelma,TOIMINTAKULUT,Palvelujen ostot,,,,,2022
42,4440,Koulutus- ja kulttuuripalvelut,tuloslaskelma,TOIMINTAKULUT,Palvelujen ostot,,,,,2022
43,4445,Koulutuskorvaukset työnantajille,tuloslaskelma,TOIMINTAKULUT,Palvelujen ostot,,,,,2022
44,4450,Osuus verotuskustannuksiin,tuloslaskelma,TOIMINTAKULUT,Palvelujen ostot,,,,,2022
45,4460,Muut yhteistoimintaosuudet,tuloslaskelma,TOIMINTAKULUT,Palvelujen ostot,,,,,2022
46,4470,Muut palvelut,tuloslaskelma,TOIMINTAKULUT,Palvelujen ostot,,,,,2022
47,4480,Aktivoidut palvelujen ostot,tuloslaskelma,TOIMINTAKULUT,Palvelujen ostot,,,,,2022
48,4500,Toimisto- ja koulutarvikkeet,tuloslaskelma,TOIMINTAKULUT,"Aineet, tarvikkeet ja tavarat",,,,,2022
49,4510,Kirjallisuus,tuloslaskelma,TOIMINTAKULUT,"Aineet, tarvikkeet ja tavarat",,,,,2022
50,4520,Elintarvikkeet,tuloslaskelma,TOIMINTAKULUT,"Aineet, tarvikkeet ja tavarat",,,,,2022
51,4530,Vaatteisto,tuloslaskelma,TOIMINTAKULUT,"Aineet, tarvikkeet ja tavarat",,,,,2022
52,4533,Lääkkeet,tuloslaskelma,TOIMINTAKULUT,"Aineet, tarvikkeet ja tavarat",,,,,2022
53,4534,Hoitotarvikkeet,tuloslaskelma,TOIMINTAKULUT,"Aineet, tarvikkeet ja tavarat",,,,,2022
54,4550,Puhdistusaineet ja -tarvikkeet,tuloslaskelma,TOIMINTAKULUT,"Aineet, tarvikkeet ja tavarat",,,,,2022
55,4560,Poltto- ja voiteluaineet,tuloslaskelma,TOIMINTAKULUT,"Aineet, tarvikkeet ja tavarat",,,,,2022
56,4568,Lämmitys,tuloslaskelma,TOIMINTAKULUT,"Aineet, tarvikkeet ja tavarat",,,,,2022
57,4569,Sähkö ja kaasu,tuloslaskelma,TOIMINTAKULUT,"Aineet, tarvikkeet ja tavarat",,,,,2022
58,4570,Vesi,tuloslaskelma,TOIMINTAKULUT,"Aineet, tarvikkeet ja tavarat",,,,,2022
59,4580,Kalusto,tuloslaskelma,TOIMINTAKULUT,"Aineet, tarvikkeet ja tavarat",,,,,2022
60,4590,Rakennusmateriaali,tuloslaskelma,TOIMINTAKULUT,"Aineet, tarvikkeet ja tavarat",,,,,2022
61,4600,Muu materiaali,tuloslaskelma,TOIMINTAKULUT,"Aineet, tarvikkeet ja tavarat",,,,,2022
62,4640,"Pysyviin vastaaviin aktivoidut aineet, tarvikkeet ja tavarat",tuloslaskelma,TOIMINTAKULUT,"Aineet, tarvikkeet ja tavarat",,,,,2022
63,4670,Varastojen lisäys/vähennys,tuloslaskelma,TOIMINTAKULUT,"Aineet, tarvikkeet ja tavarat",,,,"Kunta, ky, LL",2022
64,4710,"Omaishoidon tuki, hoitopalkkiot",tuloslaskelma,TOIMINTAKULUT,Avustukset,,,,,2022
65,4712,Kotihoidon tuki,tuloslaskelma,TOIMINTAKULUT,Avustukset,,,,,2022
66,4713,Kotihoidon tuen kuntalisä,tuloslaskelma,TOIMINTAKULUT,Avustukset,,,,,2022
67,4714,Yksityisen hoidon tuki,tuloslaskelma,TOIMINTAKULUT,Avustukset,,,,,2022
68,4715,Yksityisen hoidon tuen kuntalisä,tuloslaskelma,TOIMINTAKULUT,Avustukset,,,,,2022
69,4716,Osittainen ja joustava hoitoraha,tuloslaskelma,TOIMINTAKULUT,Avustukset,,,,,2022
70,4721,Täydentävä toimeentulotuki,tuloslaskelma,TOIMINTAKULUT,Avustukset,,,,,2022
71,4722,Ehkäisevä toimeentulotuki,tuloslaskelma,TOIMINTAKULUT,Avustukset,,,,,2022
72,4723,Täydentävän ja ehkäisevän toimeentulotuen takaisinperintä,tuloslaskelma,TOIMINTAKULUT,Avustukset,,,,,2022
73,4739,Muut avustukset kotitalouksille,tuloslaskelma,TOIMINTAKULUT,Avustukset,,,,,2022
74,4742,Avustukset yhteisöille,tuloslaskelma,TOIMINTAKULUT,Avustukset,,,,,2022
75,4810,Maa- ja vesialueiden vuokrat,tuloslaskelma,TOIMINTAKULUT,Muut toimintakulut,,,,,2022
76,4820,Rakennusten ja huoneistojen vuokrat,tuloslaskelma,TOIMINTAKULUT,Muut toimintakulut,,,,,2022
77,4830,Koneiden ja laitteiden vuokrat,tuloslaskelma,TOIMINTAKULUT,Muut toimintakulut,,,,,2022
78,4890,Muut vuokrat,tuloslaskelma,TOIMINTAKULUT,Muut toimintakulut,,,,,2022
79,4899,Aktivoidut vuokrakulut,tuloslaskelma,TOIMINTAKULUT,Muut toimintakulut,,,,,2022
80,4901,Jätevero,tuloslaskelma,TOIMINTAKULUT,Muut toimintakulut,,,,,2022
81,4910,Muut välilliset ja välittömät verot,tuloslaskelma,TOIMINTAKULUT,Muut toimintakulut,,,,,2022
82,4920,Pysyvien vastaavien hyödykkeiden luovutustappiot,tuloslaskelma,TOIMINTAKULUT,Muut toimintakulut,,,,,2022
83,4921,Luottotappiot toimintatuotoista (myyntisaamiset),tuloslaskelma,TOIMINTAKULUT,Muut toimintakulut,,,,,2022
84,4930,Takaustappiot,tuloslaskelma,TOIMINTAKULUT,Muut toimintakulut,,,,,2022
85,4931,Takauskorvausten takaisinperinnät,tuloslaskelma,TOIMINTAKULUT,Muut toimintakulut,,,,,2022
86,4940,Muut toimintakulut,tuloslaskelma,TOIMINTAKULUT,Muut toimintakulut,,,,,2022
87,4990,Aktivoidut muut kulut,tuloslaskelma,TOIMINTAKULUT,Muut toimintakulut,,,,,2022
88,4996,Osuus osakkuusyhteisöjen voitosta,tuloslaskelma,TOIMINTAKULUT,Osuus osakkuusyhteisöjen voitosta (tappiosta),,,,,2022
89,4997,Osuus osakkuusyhteisöjen tappiosta,tuloslaskelma,TOIMINTAKULUT,Osuus osakkuusyhteisöjen voitosta (tappiosta),,,,,2022
90,5000,Kunnan tulovero,tuloslaskelma,TOIMINTAKULUT,Verotulot,,,,,2022
91,5100,Kiinteistövero,tuloslaskelma,TOIMINTAKULUT,Verotulot,,,,,2022
92,5200,Osuus yhteisöveron tuotosta,tuloslaskelma,TOIMINTAKULUT,Verotulot,,,,,2022
93,5400,Muut verotulot,tuloslaskelma,TOIMINTAKULUT,Verotulot,,,,,2022
94,5501,Kunnan peruspalvelujen valtionosuus (ilman tasauksia),tuloslaskelma,TOIMINTAKULUT,Valtionosuudet,,,,,2022
95,5502,Verotuloihin perustuva valtionosuuksien tasaus,tuloslaskelma,TOIMINTAKULUT,Valtionosuudet,,,,,2022
96,5510,Harkinnanvarainen valtionosuuden korotus,tuloslaskelma,TOIMINTAKULUT,Valtionosuudet,,,,,2022
97,5701,Opetus- ja kulttuuritoimen muut valtionosuudet,tuloslaskelma,TOIMINTAKULUT,Valtionosuudet,,,,,2022
98,5850,Muut valtionosuudet,tuloslaskelma,TOIMINTAKULUT,Valtionosuudet,,,,,2022
99,5890,Verotulojen menetysten korvaus,tuloslaskelma,TOIMINTAKULUT,Valtionosuudet,,,,,2022
100,6040,Korkotuotot antolainoista,tuloslaskelma,TOIMINTAKULUT,Rahoitustuotot ja -kulut,,,,,2022
101,6050,Muut korkotuotot,tuloslaskelma,TOIMINTAKULUT,Rahoitustuotot ja -kulut,,,,,2022
102,6055,Korkojohdannaisiin liittyvät korkotuotot ja -kulut (tuottoja suojaava),tuloslaskelma,TOIMINTAKULUT,Rahoitustuotot ja -kulut,,,,,2022
103,6100,Osinkotuotot ja osuuspääomien korot,tuloslaskelma,TOIMINTAKULUT,Rahoitustuotot ja -kulut,,,,,2022
104,6115,Korvaus peruspääomasta,tuloslaskelma,TOIMINTAKULUT,Rahoitustuotot ja -kulut,,,,"Kunta, ky",2022
105,6116,Korvaus jäännöspääomasta,tuloslaskelma,TOIMINTAKULUT,Rahoitustuotot ja -kulut,,,,"Kunta, ky",2022
106,6120,Verotilitysten korot ja korotukset,tuloslaskelma,TOIMINTAKULUT,Rahoitustuotot ja -kulut,,,,,2022
107,6130,Viivästyskorot,tuloslaskelma,TOIMINTAKULUT,Rahoitustuotot ja -kulut,,,,,2022
108,6140,Peruspääoman korot kuntayhtymiltä,tuloslaskelma,TOIMINTAKULUT,Rahoitustuotot ja -kulut,,,,Kunta,2022
109,6150,Kurssivoitot rahoituslainoista,tuloslaskelma,TOIMINTAKULUT,Rahoitustuotot ja -kulut,,,,,2022
110,6160,Arvopapereiden luovutusvoitot,tuloslaskelma,TOIMINTAKULUT,Rahoitustuotot ja -kulut,,,,,2022
111,6169,Korkojohdannaisiin liittyvät tuotot (ei-suojaava),tuloslaskelma,TOIMINTAKULUT,Rahoitustuotot ja -kulut,,,,,2022
112,6170,Muut rahoitustuotot,tuloslaskelma,TOIMINTAKULUT,Rahoitustuotot ja -kulut,,,,,2022
113,6176,Takausprovisiot,tuloslaskelma,TOIMINTAKULUT,Rahoitustuotot ja -kulut,,,,,2022
114,6180,Rahoitusarvopaperien arvonalentumisten oikaisut (Arvonalentumisten palautumiset),tuloslaskelma,TOIMINTAKULUT,Rahoitustuotot ja -kulut,,,,,2022
115,6250,Kunnalle/ky:lle maksetut korkokulut,tuloslaskelma,TOIMINTAKULUT,Rahoitustuotot ja -kulut,,,,LL,2022
116,6255,Korkokulut lainoista ulkopuolisilta,tuloslaskelma,TOIMINTAKULUT,Rahoitustuotot ja -kulut,,,,,2022
117,6270,Korkojohdannaisiin liittyvät korkokulut ja -tuotot (kuluja suojaava),tuloslaskelma,TOIMINTAKULUT,Rahoitustuotot ja -kulut,,,,,2022
118,6301,Peruspääoman korko,tuloslaskelma,TOIMINTAKULUT,Rahoitustuotot ja -kulut,,,,ky,2022
119,6304,Korvaus peruspääomasta,tuloslaskelma,TOIMINTAKULUT,Rahoitustuotot ja -kulut,,,,LL,2022
120,6306,Korvaus jäännöspääomasta,tuloslaskelma,TOIMINTAKULUT,Rahoitustuotot ja -kulut,,,,LL,2022
121,6330,Kurssitappiot rahoituslainoista,tuloslaskelma,TOIMINTAKULUT,Rahoitustuotot ja -kulut,,,,,2022
122,6335,Arvopapereiden luovutustappiot,tuloslaskelma,TOIMINTAKULUT,Rahoitustuotot ja -kulut,,,,,2022
123,6360,Arvonalentumiset vaihtuvien vastaavien rahoitusarvopapereista,tuloslaskelma,TOIMINTAKULUT,Rahoitustuotot ja -kulut,,,,,2022
124,6370,Arvonalentumiset pysyvien vastaavien sijoituksista (pl. toimialasijoittamisen osakkeet ja -osuudet),tuloslaskelma,TOIMINTAKULUT,Rahoitustuotot ja -kulut,,,,,2022
125,6379,Korkojohdannaisiin liittyvät kulut (ei-suojaava),tuloslaskelma,TOIMINTAKULUT,Rahoitustuotot ja -kulut,,,,,2022
126,6380,Muut rahoituskulut,tuloslaskelma,TOIMINTAKULUT,Rahoitustuotot ja -kulut,,,,,2022
127,7170,Suunnitelman mukaiset poistot,tuloslaskelma,TOIMINTAKULUT,Poistot ja arvonalentumiset,,,,,2022
128,7180,Kertaluonteiset poistot,tuloslaskelma,TOIMINTAKULUT,Poistot ja arvonalentumiset,,,,,2022
129,7190,"Pysyvien vastaavien hyödykkeiden luovutusvoitot ja -tappiot 
(epäolennaiset, ellei muissa tuotoissa/kuluissa)",tuloslaskelma,TOIMINTAKULUT,Poistot ja arvonalentumiset,,,,,2022
130,7220,Positiivinen eliminointiero,tuloslaskelma,TOIMINTAKULUT,Poistot ja arvonalentumiset,,,,,2022
131,7221,Negatiivinen eliminointiero,tuloslaskelma,TOIMINTAKULUT,Poistot ja arvonalentumiset,,,,,2022
132,7222,Konserniliikearvon poisto,tuloslaskelma,TOIMINTAKULUT,Poistot ja arvonalentumiset,,,,,2022
133,7223,Konsernireservin vähennys,tuloslaskelma,TOIMINTAKULUT,Poistot ja arvonalentumiset,,,,,2022
134,7230,Pysyvien vastaavien hyödykkeiden arvonalentumiset,tuloslaskelma,TOIMINTAKULUT,Poistot ja arvonalentumiset,,,,,2022
135,7240,Muut arvonalentumiset,tuloslaskelma,TOIMINTAKULUT,Poistot ja arvonalentumiset,,,,,2022
136,8000,Pysyvien vastaavien hyödykkeiden luovutusvoitot,tuloslaskelma,TOIMINTAKULUT,Satunnaiset tuotot ja kulut/Satunnaiset erät,,,,,2022
137,8010,Omistusosuuksien luovutukset,tuloslaskelma,TOIMINTAKULUT,Satunnaiset tuotot ja kulut/Satunnaiset erät,,,,,2022
138,8020,Vahingonkorvaukset ja sopimussakot,tuloslaskelma,TOIMINTAKULUT,Satunnaiset tuotot ja kulut/Satunnaiset erät,,,,,2022
139,8050,Muut satunnaiset tuotot,tuloslaskelma,TOIMINTAKULUT,Satunnaiset tuotot ja kulut/Satunnaiset erät,,,,,2022
140,8100,Pysyvien vastaavien hyödykkeiden luovutustappiot,tuloslaskelma,TOIMINTAKULUT,Satunnaiset tuotot ja kulut/Satunnaiset erät,,,,,2022
141,8110,Omistusosuuksien luovutukset,tuloslaskelma,TOIMINTAKULUT,Satunnaiset tuotot ja kulut/Satunnaiset erät,,,,,2022
142,8120,Vahingonkorvaukset ja sopimussakot,tuloslaskelma,TOIMINTAKULUT,Satunnaiset tuotot ja kulut/Satunnaiset erät,,,,,2022
143,8130,Annetut akordit ja konserniavustukset,tuloslaskelma,TOIMINTAKULUT,Satunnaiset tuotot ja kulut/Satunnaiset erät,,,,,2022
144,8150,Muut satunnaiset kulut,tuloslaskelma,TOIMINTAKULUT,Satunnaiset tuotot ja kulut/Satunnaiset erät,,,,,2022
145,8200,Tilinpäätössiirrot,tuloslaskelma,TOIMINTAKULUT,Satunnaiset tuotot ja kulut/Satunnaiset erät,,,,Kons,2022
146,8500,Poistoeron lisäys (-),tuloslaskelma,TOIMINTAKULUT,Poistoeron muutos / Poistoeron lisäys (-) tai vähennys (+),,,,,2022
147,8550,Poistoeron vähennys (+),tuloslaskelma,TOIMINTAKULUT,Poistoeron muutos / Poistoeron lisäys (-) tai vähennys (+),,,,,2022
148,8600,Varausten lisäys (-),tuloslaskelma,TOIMINTAKULUT,Varausten muutos / Varausten lisäys (-) tai vähennys (+),,,,,2022
149,8650,Varausten vähennys (+),tuloslaskelma,TOIMINTAKULUT,Varausten muutos / Varausten lisäys (-) tai vähennys (+),,,,,2022
150,8700,Rahastojen lisäys (-),tuloslaskelma,TOIMINTAKULUT,Rahastojen muutos / Rahastojen lisäys (-) tai vähennys (+),,,,,2022
151,8750,Rahastojen vähennys (+),tuloslaskelma,TOIMINTAKULUT,Rahastojen muutos / Rahastojen lisäys (-) tai vähennys (+),,,,,2022
152,8760,Tuloverot,tuloslaskelma,TOIMINTAKULUT,Rahastojen muutos / Rahastojen lisäys (-) tai vähennys (+),,,,LL,2022
153,8765,Tilikauden verot,tuloslaskelma,TOIMINTAKULUT,Rahastojen muutos / Rahastojen lisäys (-) tai vähennys (+),,,,Kons,2022
154,8766,Laskennalliset verot,tuloslaskelma,TOIMINTAKULUT,Rahastojen muutos / Rahastojen lisäys (-) tai vähennys (+),,,,Kons,2022
155,8780,Vähemmistöosuudet,tuloslaskelma,TOIMINTAKULUT,Rahastojen muutos / Rahastojen lisäys (-) tai vähennys (+),,,,Kons,2022
156,8800,Tilikauden ylijäämä (alijäämä),tuloslaskelma,TOIMINTAKULUT,Rahastojen muutos / Rahastojen lisäys (-) tai vähennys (+),,,,"Kunta, ky, LL, Kons",2022
157,1005,Tietokoneohjelmistot,tase,TASE VASTAAVAA,PYSYVÄT VASTAAVAT,Aineettomat hyödykkeet,Aineettomat oikeudet,,,2022
158,1006,Muut aineettomat oikeudet,tase,TASE VASTAAVAA,PYSYVÄT VASTAAVAT,Aineettomat hyödykkeet,Aineettomat oikeudet,,,2022
159,1012,Konserniliikearvo,tase,TASE VASTAAVAA,PYSYVÄT VASTAAVAT,Aineettomat hyödykkeet,,,,2022
160,1010,Muut pitkävaikutteiset menot,tase,TASE VASTAAVAA,PYSYVÄT VASTAAVAT,Aineettomat hyödykkeet,,,"Kunta, ky, LL, Kons",2022
161,1020,Ennakkomaksut,tase,TASE VASTAAVAA,PYSYVÄT VASTAAVAT,Aineettomat hyödykkeet,,,"Kunta, ky, LL, Kons",2022
162,1100,Maa- ja vesialueet,tase,TASE VASTAAVAA,PYSYVÄT VASTAAVAT,Aineelliset hyödykkeet,Maa- ja vesialueet (sis. arvonkorotukset),Maa- ja vesialueet (ilman arvonkorotuksia),,2022
163,1102,Kiinteistöjen liittymismaksut,tase,TASE VASTAAVAA,PYSYVÄT VASTAAVAT,Aineelliset hyödykkeet,Maa- ja vesialueet (sis. arvonkorotukset),Maa- ja vesialueet (ilman arvonkorotuksia),,2022
164,1104,Kiinteistöjen vuokraoikeudet ja niihin liittyvät liittymismaksut,tase,TASE VASTAAVAA,PYSYVÄT VASTAAVAT,Aineelliset hyödykkeet,Maa- ja vesialueet (sis. arvonkorotukset),Maa- ja vesialueet (ilman arvonkorotuksia),,2022
165,1105,Maa- ja vesialueiden arvonkorotukset,tase,TASE VASTAAVAA,PYSYVÄT VASTAAVAT,Aineelliset hyödykkeet,Maa- ja vesialueet (sis. arvonkorotukset),,,2022
166,1115,Asuinrakennukset,tase,TASE VASTAAVAA,PYSYVÄT VASTAAVAT,Aineelliset hyödykkeet,Rakennukset,,,2022
167,1116,Muut rakennukset,tase,TASE VASTAAVAA,PYSYVÄT VASTAAVAT,Aineelliset hyödykkeet,Rakennukset,,,2022
168,1130,Kiinteät rakenteet ja laitteet,tase,TASE VASTAAVAA,PYSYVÄT VASTAAVAT,Aineelliset hyödykkeet,,,"Kunta, ky, LL, Kons",2022
169,1160,Kuljetusvälineet,tase,TASE VASTAAVAA,PYSYVÄT VASTAAVAT,Aineelliset hyödykkeet,Koneet ja kalusto,,,2022
170,1165,Tietokonelaitteet,tase,TASE VASTAAVAA,PYSYVÄT VASTAAVAT,Aineelliset hyödykkeet,Koneet ja kalusto,,,2022
171,1166,Viestintälaitteet,tase,TASE VASTAAVAA,PYSYVÄT VASTAAVAT,Aineelliset hyödykkeet,Koneet ja kalusto,,,2022
172,1170,Muut koneet ja kalusto,tase,TASE VASTAAVAA,PYSYVÄT VASTAAVAT,Aineelliset hyödykkeet,Koneet ja kalusto,,,2022
173,1180,Luonnonvarat,tase,TASE VASTAAVAA,PYSYVÄT VASTAAVAT,Aineelliset hyödykkeet,Muut aineelliset hyödykkeet,,,2022
174,1184,Arvo- ja taide-esineet,tase,TASE VASTAAVAA,PYSYVÄT VASTAAVAT,Aineelliset hyödykkeet,Muut aineelliset hyödykkeet,,,2022
175,1187,Muut hyödykkeet,tase,TASE VASTAAVAA,PYSYVÄT VASTAAVAT,Aineelliset hyödykkeet,Muut aineelliset hyödykkeet,,,2022
176,1190,Ennakkomaksut,tase,TASE VASTAAVAA,PYSYVÄT VASTAAVAT,Aineelliset hyödykkeet,Ennakkomaksut ja keskeneräiset hankinnat,,,2022
177,1195,Keskeneräiset hankinnat,tase,TASE VASTAAVAA,PYSYVÄT VASTAAVAT,Aineelliset hyödykkeet,Ennakkomaksut ja keskeneräiset hankinnat,,,2022
178,1200,Osakkuusyhteisöosakkeet ja -osuudet,tase,TASE VASTAAVAA,PYSYVÄT VASTAAVAT,Sijoitukset,Osakkuusyhteisöosuudet,,,2022
179,1201,Yhteisyhteisöosakkeet ja -osuudet,tase,TASE VASTAAVAA,PYSYVÄT VASTAAVAT,Sijoitukset,Osakkuusyhteisöosuudet,,,2022
180,1202,Muut osakkeet ja osuudet,tase,TASE VASTAAVAA,PYSYVÄT VASTAAVAT,Sijoitukset,Osakkuusyhteisöosuudet,,,2022
181,1204,Osakkeet ja osuudet tytäryhteisöissä,tase,TASE VASTAAVAA,PYSYVÄT VASTAAVAT,Sijoitukset,Osakkeet ja osuudet,,,2022
182,1205,Asunto-osakkeet tytäryhteisöissä,tase,TASE VASTAAVAA,PYSYVÄT VASTAAVAT,Sijoitukset,Osakkeet ja osuudet,,,2022
183,1206,Kuntayhtymäosuudet,tase,TASE VASTAAVAA,PYSYVÄT VASTAAVAT,Sijoitukset,Osakkeet ja osuudet,,,2022
184,1209,Liikelaitosten peruspääomaosuudet,tase,TASE VASTAAVAA,PYSYVÄT VASTAAVAT,Sijoitukset,Osakkeet ja osuudet,,,2022
185,1210,Muiden taseyksiköiden peruspääomaosuudet,tase,TASE VASTAAVAA,PYSYVÄT VASTAAVAT,Sijoitukset,Osakkeet ja osuudet,,,2022
186,1212,Muut osakkeet ja osuudet,tase,TASE VASTAAVAA,PYSYVÄT VASTAAVAT,Sijoitukset,Osakkeet ja osuudet,,,2022
187,1213,Muut asunto-osakkeet,tase,TASE VASTAAVAA,PYSYVÄT VASTAAVAT,Sijoitukset,Osakkeet ja osuudet,,,2022
188,1214,Osakkeiden ja osuuksien arvonkorotukset,tase,TASE VASTAAVAA,PYSYVÄT VASTAAVAT,Sijoitukset,Osakkeet ja osuudet,,,2022
189,1222,Joukkovelkakirjalainasaamiset,tase,TASE VASTAAVAA,PYSYVÄT VASTAAVAT,Sijoitukset,,,"Kunta, ky, LL, Kons",2022
190,1237,Pääomalainasaamiset,tase,TASE VASTAAVAA,PYSYVÄT VASTAAVAT,Sijoitukset,Muut lainasaamiset,,,2022
191,1239,Muut lainasaamiset,tase,TASE VASTAAVAA,PYSYVÄT VASTAAVAT,Sijoitukset,Muut lainasaamiset,,,2022
192,1247,Muut saamiset,tase,TASE VASTAAVAA,PYSYVÄT VASTAAVAT,Sijoitukset,Muut saamiset,,,2022
193,1248,Liittymismaksut palautettavat,tase,TASE VASTAAVAA,PYSYVÄT VASTAAVAT,Sijoitukset,Muut saamiset,,,2022
194,1410,Välitetyt valtion lainat,tase,TASE VASTAAVAA,TOIMEKSIANTOJEN VARAT,Valtion toimeksiannot,,,,2022
195,1420,Muut valtion toimeksiannot,tase,TASE VASTAAVAA,TOIMEKSIANTOJEN VARAT,Valtion toimeksiannot,,,,2022
196,1440,Lahjoitusrahastojen varat,tase,TASE VASTAAVAA,TOIMEKSIANTOJEN VARAT,,,,"Kunta, ky, LL, Kons",2022
197,1460,Muut toimeksiantojen varat,tase,TASE VASTAAVAA,TOIMEKSIANTOJEN VARAT,,,,"Kunta, ky, LL, Kons",2022
198,1500,Aineet ja tarvikkeet,tase,TASE VASTAAVAA,VAIHTUVAT VASTAAVAT,Vaihto-omaisuus,,,"Kunta, ky, LL, Kons",2022
199,1530,Keskeneräiset tuotteet,tase,TASE VASTAAVAA,VAIHTUVAT VASTAAVAT,Vaihto-omaisuus,,,"Kunta, ky, LL, Kons",2022
200,1550,Valmiit tuotteet,tase,TASE VASTAAVAA,VAIHTUVAT VASTAAVAT,Vaihto-omaisuus,,,"Kunta, ky, LL, Kons",2022
201,1570,Muu vaihto-omaisuus,tase,TASE VASTAAVAA,VAIHTUVAT VASTAAVAT,Vaihto-omaisuus,,,"Kunta, ky, LL, Kons",2022
202,1590,Ennakkomaksut,tase,TASE VASTAAVAA,VAIHTUVAT VASTAAVAT,Vaihto-omaisuus,,,"Kunta, ky, LL, Kons",2022
203,1600,Myyntisaamiset,tase,TASE VASTAAVAA,VAIHTUVAT VASTAAVAT,Saamiset,Pitkäaikaiset saamiset,,"Kunta, ky, LL, Kons",2022
204,1630,Lainasaamiset,tase,TASE VASTAAVAA,VAIHTUVAT VASTAAVAT,Saamiset,Pitkäaikaiset saamiset,,"Kunta, ky, LL, Kons",2022
205,1640,Saamiset kunnalta ja kuntayhtymältä,tase,TASE VASTAAVAA,VAIHTUVAT VASTAAVAT,Saamiset,Pitkäaikaiset saamiset,,LL,2022
206,1650,Laskennalliset verosaamiset,tase,TASE VASTAAVAA,VAIHTUVAT VASTAAVAT,Saamiset,Pitkäaikaiset saamiset,,Kons,2022
207,1688,Muut saamiset,tase,TASE VASTAAVAA,VAIHTUVAT VASTAAVAT,Saamiset,Pitkäaikaiset saamiset,,"Kunta, ky, LL, Kons",2022
208,1711,Siirtyvät korot,tase,TASE VASTAAVAA,VAIHTUVAT VASTAAVAT,Saamiset,Pitkäaikaiset saamiset,Siirtosaamiset,,2022
209,1712,Muut siirtosaamiset,tase,TASE VASTAAVAA,VAIHTUVAT VASTAAVAT,Saamiset,Pitkäaikaiset saamiset,Siirtosaamiset,,2022
210,1720,Myyntisaamiset,tase,TASE VASTAAVAA,VAIHTUVAT VASTAAVAT,Saamiset,Lyhytaikaiset saamiset,,"Kunta, ky, LL, Kons",2022
211,1750,Lainasaamiset,tase,TASE VASTAAVAA,VAIHTUVAT VASTAAVAT,Saamiset,Lyhytaikaiset saamiset,,"Kunta, ky, LL, Kons",2022
212,1760,Saamiset kunnalta ja kuntayhtymältä,tase,TASE VASTAAVAA,VAIHTUVAT VASTAAVAT,Saamiset,Lyhytaikaiset saamiset,,LL,2022
213,1770,Laskennalliset verosaamiset,tase,TASE VASTAAVAA,VAIHTUVAT VASTAAVAT,Saamiset,Lyhytaikaiset saamiset,,Kons,2022
214,1800,Muut saamiset,tase,TASE VASTAAVAA,VAIHTUVAT VASTAAVAT,Saamiset,Lyhytaikaiset saamiset,Muut saamiset,,2022
215,1810,Alv-saamiset,tase,TASE VASTAAVAA,VAIHTUVAT VASTAAVAT,Saamiset,Lyhytaikaiset saamiset,Muut saamiset,,2022
216,1816,Siirtyvät korot,tase,TASE VASTAAVAA,VAIHTUVAT VASTAAVAT,Saamiset,Lyhytaikaiset saamiset,Siirtosaamiset,,2022
217,1829,Muut siirtosaamiset,tase,TASE VASTAAVAA,VAIHTUVAT VASTAAVAT,Saamiset,Lyhytaikaiset saamiset,Siirtosaamiset,,2022
218,1830,Osakkeet ja osuudet,tase,TASE VASTAAVAA,VAIHTUVAT VASTAAVAT,Rahoitusarvopaperit,,,"Kunta, ky, LL, Kons",2022
219,1850,Sijoitukset valtion velkasitoumuksiin,tase,TASE VASTAAVAA,VAIHTUVAT VASTAAVAT,Rahoitusarvopaperit,Sijoitukset rahamarkkinainstrumentteihin,,,2022
220,1855,Sijoitukset kuntatodistuksiin,tase,TASE VASTAAVAA,VAIHTUVAT VASTAAVAT,Rahoitusarvopaperit,Sijoitukset rahamarkkinainstrumentteihin,,,2022
221,1860,Sijoitukset muihin rahamarkkinainstrumentteihin,tase,TASE VASTAAVAA,VAIHTUVAT VASTAAVAT,Rahoitusarvopaperit,Sijoitukset rahamarkkinainstrumentteihin,,,2022
222,1870,Joukkovelkakirjalainasaamiset,tase,TASE VASTAAVAA,VAIHTUVAT VASTAAVAT,Rahoitusarvopaperit,,,"Kunta, ky, LL, Kons",2022
223,1891,Rahasto-osuudet (yhteensä),tase,TASE VASTAAVAA,VAIHTUVAT VASTAAVAT,Rahoitusarvopaperit,Muut arvopaperit,,,2022
224,1892,Muut arvopaperit,tase,TASE VASTAAVAA,VAIHTUVAT VASTAAVAT,Rahoitusarvopaperit,Muut arvopaperit,,,2022
225,1900,Rahat ja pankkisaamiset,tase,TASE VASTAAVAA,VAIHTUVAT VASTAAVAT,,,,"Kunta, ky, LL, Kons",2022
226,2000,Peruspääoma,tase,TASE VASTATTAVAA,OMA PÄÄOMA,,,,"Kunta, ky, LL, Kons",2022
227,2005,Säätiöiden ja yhdistysten peruspääomat,tase,TASE VASTATTAVAA,OMA PÄÄOMA,,,,Kons,2022
228,2010,Arvonkorotusrahasto,tase,TASE VASTATTAVAA,OMA PÄÄOMA,,,,"Kunta, ky, LL, Kons",2022
229,2015,Muut omat rahastot,tase,TASE VASTATTAVAA,OMA PÄÄOMA,,,,"Kunta, ky, LL, Kons",2022
230,2040,Edellisten tilikausien ylijäämä (alijäämä),tase,TASE VASTATTAVAA,OMA PÄÄOMA,,,,"Kunta, ky, LL, Kons",2022
231,2050,Tilikauden ylijäämä (alijäämä),tase,TASE VASTATTAVAA,OMA PÄÄOMA,,,,"Kunta, ky, LL, Kons",2022
232,2060,Vähemmistöosuudet,tase,TASE VASTATTAVAA,VÄHEMMISTÖOSUUDET,,,,,2022
233,2100,Poistoero,tase,TASE VASTATTAVAA,POISTOERO JA VAPAAEHTOISET VARAUKSET,,,,"Kunta, ky, LL",2022
234,2110,Vapaaehtoiset varaukset,tase,TASE VASTATTAVAA,POISTOERO JA VAPAAEHTOISET VARAUKSET,,,,"Kunta, ky, LL",2022
235,2120,Eläkevaraukset,tase,TASE VASTATTAVAA,PAKOLLISET VARAUKSET,,,,"Kunta, ky, LL, Kons",2022
236,2130,Muut pakolliset varaukset,tase,TASE VASTATTAVAA,PAKOLLISET VARAUKSET,,,,"Kunta, ky, LL, Kons",2022
237,2300,Välitettävät valtion lainat,tase,TASE VASTATTAVAA,TOIMEKSIANTOJEN PÄÄOMAT,Valtion toimeksiannot,,,,2022
238,2310,Välitetyt valtion lainat,tase,TASE VASTATTAVAA,TOIMEKSIANTOJEN PÄÄOMAT,Valtion toimeksiannot,,,,2022
239,2320,Muut valtion toimeksiantojen pääomat,tase,TASE VASTATTAVAA,TOIMEKSIANTOJEN PÄÄOMAT,Valtion toimeksiannot,,,,2022
240,2325,Lahjoitusrahastojen pääomat,tase,TASE VASTATTAVAA,TOIMEKSIANTOJEN PÄÄOMAT,,,,"Kunta, ky, LL, Kons",2022
241,2330,Muut toimeksiantojen pääomat,tase,TASE VASTATTAVAA,TOIMEKSIANTOJEN PÄÄOMAT,,,,"Kunta, ky, LL, Kons",2022
242,2399,Konsernireservi,tase,TASE VASTATTAVAA,KONSERNIRESERVI,,,,,2022
243,2400,Joukkovelkakirjalainat,tase,TASE VASTATTAVAA,VIERAS PÄÄOMA,Pitkäaikainen (korollinen vieras pääoma),,,"Kunta, ky, LL, Kons",2022
244,2410,Lainat rahoitus- ja vakuutuslaitoksilta,tase,TASE VASTATTAVAA,VIERAS PÄÄOMA,Pitkäaikainen (korollinen vieras pääoma),,,"Kunta, ky, LL, Kons",2022
245,2415,Lainat kunnalta/kuntayhtymältä,tase,TASE VASTATTAVAA,VIERAS PÄÄOMA,Pitkäaikainen (korollinen vieras pääoma),,,LL,2022
246,2420,Lainat julkisyhteisöiltä,tase,TASE VASTATTAVAA,VIERAS PÄÄOMA,Pitkäaikainen (korollinen vieras pääoma),,,"Kunta, ky, LL, Kons",2022
247,2430,Lainat muilta luotonantajilta,tase,TASE VASTATTAVAA,VIERAS PÄÄOMA,Pitkäaikainen (korollinen vieras pääoma),,,"Kunta, ky, LL, Kons",2022
248,2449,Saadut ennakot,tase,TASE VASTATTAVAA,VIERAS PÄÄOMA,Pitkäaikainen (koroton vieras pääoma),,,"Kunta, ky, LL, Kons",2022
249,2457,Ostovelat,tase,TASE VASTATTAVAA,VIERAS PÄÄOMA,Pitkäaikainen (koroton vieras pääoma),,,"Kunta, ky, LL, Kons",2022
250,2458,Korottomat velat kunnalta/kuntayhtymältä,tase,TASE VASTATTAVAA,VIERAS PÄÄOMA,Pitkäaikainen (koroton vieras pääoma),,,LL,2022
251,2460,Johdannaissopimusten perusteella vastaanotetut käteisvakuudet,tase,TASE VASTATTAVAA,VIERAS PÄÄOMA,Pitkäaikainen (koroton vieras pääoma),Muut velat/Liittymismaksut ja muut velat,,,2022
252,2469,Liittymismaksut ja muut velat,tase,TASE VASTATTAVAA,VIERAS PÄÄOMA,Pitkäaikainen (koroton vieras pääoma),Muut velat/Liittymismaksut ja muut velat,,,2022
253,2470,Siirtovelat,tase,TASE VASTATTAVAA,VIERAS PÄÄOMA,Pitkäaikainen (koroton vieras pääoma),,,"Kunta, ky, LL, Kons",2022
254,2480,Laskennalliset verovelat,tase,TASE VASTATTAVAA,VIERAS PÄÄOMA,Pitkäaikainen (koroton vieras pääoma),,,Kons,2022
255,2500,Joukkovelkakirjalainat,tase,TASE VASTATTAVAA,VIERAS PÄÄOMA,Lyhytaikainen,Lyhytaikainen (korollinen vieras pääoma),,"Kunta, ky, LL, Kons",2022
256,2501,"Pitkäaikaisten lainojen seuraavan vuoden lyhennykset, joukkovelkakirjalainat",tase,TASE VASTATTAVAA,VIERAS PÄÄOMA,Lyhytaikainen,Lyhytaikainen (korollinen vieras pääoma),,"Kunta, ky, LL, Kons",2022
257,2510,Lainat rahoitus- ja vakuutuslaitoksilta,tase,TASE VASTATTAVAA,VIERAS PÄÄOMA,Lyhytaikainen,Lyhytaikainen (korollinen vieras pääoma),,"Kunta, ky, LL, Kons",2022
258,2511,"Pitkäaikaisten lainojen seuraavan vuoden lyhennykset, lainat rahoitus- ja vakuutuslaitoksilta",tase,TASE VASTATTAVAA,VIERAS PÄÄOMA,Lyhytaikainen,Lyhytaikainen (korollinen vieras pääoma),,"Kunta, ky, LL, Kons",2022
259,2515,Lainat kunnalta/kuntayhtymältä,tase,TASE VASTATTAVAA,VIERAS PÄÄOMA,Lyhytaikainen,Lyhytaikainen (korollinen vieras pääoma),,LL,2022
260,2516,"Pitkäaikaisten lainojen seuraavan vuoden lyhennykset, lainat kunnalta/kuntayhtymältä",tase,TASE VASTATTAVAA,VIERAS PÄÄOMA,Lyhytaikainen,Lyhytaikainen (korollinen vieras pääoma),,LL,2022
261,2520,Lainat julkisyhteisöiltä,tase,TASE VASTATTAVAA,VIERAS PÄÄOMA,Lyhytaikainen,Lyhytaikainen (korollinen vieras pääoma),,"Kunta, ky, LL, Kons",2022
262,2521,"Pitkäaikaisten lainojen seuraavan vuoden lyhennykset, lainat julkisyhteisöiltä, tili",tase,TASE VASTATTAVAA,VIERAS PÄÄOMA,Lyhytaikainen,Lyhytaikainen (korollinen vieras pääoma),,"Kunta, ky, LL, Kons",2022
263,2530,Lainat muilta luotonantajilta,tase,TASE VASTATTAVAA,VIERAS PÄÄOMA,Lyhytaikainen,Lyhytaikainen (korollinen vieras pääoma),,"Kunta, ky, LL, Kons",2022
264,2531,"Pitkäaikaisten lainojen seuraavan vuoden lyhennykset, lainat muilta luotonantajilta, tili",tase,TASE VASTATTAVAA,VIERAS PÄÄOMA,Lyhytaikainen,Lyhytaikainen (korollinen vieras pääoma),,"Kunta, ky, LL, Kons",2022
265,2540,Saadut ennakot,tase,TASE VASTATTAVAA,VIERAS PÄÄOMA,Lyhytaikainen,Lyhytaikainen (koroton vieras pääoma),,"Kunta, ky, LL, Kons",2022
266,2545,Ostovelat,tase,TASE VASTATTAVAA,VIERAS PÄÄOMA,Lyhytaikainen,Lyhytaikainen (koroton vieras pääoma),,"Kunta, ky, LL, Kons",2022
267,2550,Korottomat velat kunnalta/kuntayhtymältä,tase,TASE VASTATTAVAA,VIERAS PÄÄOMA,Lyhytaikainen,Lyhytaikainen (koroton vieras pääoma),,LL,2022
268,2561,Johdannaissopimusten perusteella vastaanotetut käteisvakuudet,tase,TASE VASTATTAVAA,VIERAS PÄÄOMA,Lyhytaikainen,Lyhytaikainen (koroton vieras pääoma),Muut velat/Liittymismaksut ja muut velat,,2022
269,2563,Alv-velka,tase,TASE VASTATTAVAA,VIERAS PÄÄOMA,Lyhytaikainen,Lyhytaikainen (koroton vieras pääoma),Muut velat/Liittymismaksut ja muut velat,,2022
270,2568,Liittymismaksuvelat,tase,TASE VASTATTAVAA,VIERAS PÄÄOMA,Lyhytaikainen,Lyhytaikainen (koroton vieras pääoma),Muut velat/Liittymismaksut ja muut velat,,2022
271,2569,Muut velat,tase,TASE VASTATTAVAA,VIERAS PÄÄOMA,Lyhytaikainen,Lyhytaikainen (koroton vieras pääoma),Muut velat/Liittymismaksut ja muut velat,,2022
272,2579,Siirtyvät korot,tase,TASE VASTATTAVAA,VIERAS PÄÄOMA,Lyhytaikainen,Lyhytaikainen (koroton vieras pääoma),Siirtovelat,,2022
273,2580,Lomapalkkajaksotus,tase,TASE VASTATTAVAA,VIERAS PÄÄOMA,Lyhytaikainen,Lyhytaikainen (koroton vieras pääoma),Siirtovelat,,2022
274,2589,Muut siirtovelat,tase,TASE VASTATTAVAA,VIERAS PÄÄOMA,Lyhytaikainen,Lyhytaikainen (koroton vieras pääoma),Siirtovelat,,2022
275,2590,Laskennalliset verovelat,tase,TASE VASTATTAVAA,VIERAS PÄÄOMA,Lyhytaikainen,Lyhytaikainen (koroton vieras pääoma),,Kons,2022
0,3005,Myyntituotot,tuloslaskelma,TOIMINTATUOTOT,Myyntituotot/Liikevaihto,,,,,2023
1,3070,Liiketoiminnan muut tuotot,tuloslaskelma,TOIMINTATUOTOT,Myyntituotot/Liikevaihto,,,,LL,2023
2,3295,Maksutuotot,tuloslaskelma,TOIMINTATUOTOT,Maksutuotot,,,,,2023
3,3300,Tuet ja avustukset (muilta),tuloslaskelma,TOIMINTATUOTOT,Tuet ja avustukset,,,,"Kunta, ky, LL",2023
4,3390,Palkkatuki,tuloslaskelma,TOIMINTATUOTOT,Tuet ja avustukset,,,,,2023
5,3499,"Vuokratuotot, muut",tuloslaskelma,TOIMINTATUOTOT,Muut toimintatuotot,,,,,2023
6,3440,Maa- ja vesialueiden vuokrat,tuloslaskelma,TOIMINTATUOTOT,Muut toimintatuotot,,,,,2023
7,3510,Pysyvien vastaavien hyödykkeiden luovutusvoitot,tuloslaskelma,TOIMINTATUOTOT,Muut toimintatuotot,,,,,2023
8,3521,Vakuutusyhtiöiden vahinkovakuutuskorvaukset,tuloslaskelma,TOIMINTATUOTOT,Muut toimintatuotot,,,,,2023
9,3530,Muut tuotot,tuloslaskelma,TOIMINTATUOTOT,Muut toimintatuotot,,,,,2023
10,3533,Liiketoiminnan muut tuotot,tuloslaskelma,TOIMINTATUOTOT,Muut toimintatuotot,,,,LL,2023
11,3536,Sakot ja uhkasakot,tuloslaskelma,TOIMINTATUOTOT,Muut toimintatuotot,,,,,2023
12,3560,Tuet ja avustukset kunnalta/kuntayhtymältä,tuloslaskelma,TOIMINTATUOTOT,Muut toimintatuotot,,,,LL,2023
13,3610,Valmiiden ja keskeneräisten tuotteiden varastojen lisäys tai vähennys,tuloslaskelma,TOIMINTATUOTOT,Valmistevarastojen muutos,,,,"Kunta, ky, LL",2023
14,3710,Valmistus omaan käyttöön,tuloslaskelma,TOIMINTATUOTOT,VALMISTUS OMAAN KÄYTTÖÖN,,,,"Kunta, ky",2023
15,4000,Maksetut palkat ja palkkiot,tuloslaskelma,TOIMINTAKULUT,Henkilöstökulut,,,,,2023
16,4060,Jaksotetut palkat ja palkkiot,tuloslaskelma,TOIMINTAKULUT,Henkilöstökulut,,,,,2023
17,4065,Aktivoidut palkat ja palkkiot,tuloslaskelma,TOIMINTAKULUT,Henkilöstökulut,,,,,2023
18,4090,Henkilöstökorvaukset,tuloslaskelma,TOIMINTAKULUT,Henkilöstökulut,,,,,2023
19,4110,Eläkevakuutusmaksut,tuloslaskelma,TOIMINTAKULUT,Henkilöstökulut,,,,,2023
20,4120,Maksetut eläkkeet,tuloslaskelma,TOIMINTAKULUT,Henkilöstökulut,,,,,2023
21,4130,Jaksotetut eläkekulut,tuloslaskelma,TOIMINTAKULUT,Henkilöstökulut,,,,,2023
22,4135,Aktivoidut eläkemenot,tuloslaskelma,TOIMINTAKULUT,Henkilöstökulut,,,,,2023
23,4210,Muut henkilösivukulut,tuloslaskelma,TOIMINTAKULUT,Henkilöstökulut,,,,,2023
24,4190,Jaksotetut  sosiaalivakuutusmaksut,tuloslaskelma,TOIMINTAKULUT,Henkilöstökulut,,,,,2023
25,4200,Aktivoidut sosiaalivakuutusmaksut,tuloslaskelma,TOIMINTAKULUT,Henkilöstökulut,,,,,2023
26,4300,Asiakaspalvelujen ostot,tuloslaskelma,TOIMINTAKULUT,Palvelujen ostot,,,,,2023
27,4315,Palveluseteli,tuloslaskelma,TOIMINTAKULUT,Palvelujen ostot,,,,,2023
28,4340,Asiantuntijapalvelut,tuloslaskelma,TOIMINTAKULUT,Palvelujen ostot,,,,,2023
29,4341,Toimistopalvelut,tuloslaskelma,TOIMINTAKULUT,Palvelujen ostot,,,,,2023
30,4342,ICT-palvelut,tuloslaskelma,TOIMINTAKULUT,Palvelujen ostot,,,,,2023
31,4344,Rahoitus- ja pankkipalvelut,tuloslaskelma,TOIMINTAKULUT,Palvelujen ostot,,,,,2023
32,4346,Työvoiman vuokraus,tuloslaskelma,TOIMINTAKULUT,Palvelujen ostot,,,,,2023
33,4350,"Painatukset, ilmoitukset ja markkinointi",tuloslaskelma,TOIMINTAKULUT,Palvelujen ostot,,,,,2023
34,4360,Posti- ja kuriiripalvelut,tuloslaskelma,TOIMINTAKULUT,Palvelujen ostot,,,,,2023
35,4370,Vakuutukset,tuloslaskelma,TOIMINTAKULUT,Palvelujen ostot,,,,,2023
36,4380,Puhtaanapito- ja pesulapalvelut,tuloslaskelma,TOIMINTAKULUT,Palvelujen ostot,,,,,2023
37,4390,Rakennusten ja alueiden rakentamis- ja kunnossapitopalvelut,tuloslaskelma,TOIMINTAKULUT,Palvelujen ostot,,,,,2023
38,4400,"Koneiden, kaluston ja laitteiden rakentamis- ja kunnossapitopalvelut",tuloslaskelma,TOIMINTAKULUT,Palvelujen ostot,,,,,2023
39,4410,Majoitus- ja ravitsemispalvelut,tuloslaskelma,TOIMINTAKULUT,Palvelujen ostot,,,,,2023
40,4420,Matkustus- ja kuljetuspalvelut,tuloslaskelma,TOIMINTAKULUT,Palvelujen ostot,,,,,2023
41,4430,Sosiaali- ja terveyspalvelut,tuloslaskelma,TOIMINTAKULUT,Palvelujen ostot,,,,,2023
42,4440,Koulutus- ja kulttuuripalvelut,tuloslaskelma,TOIMINTAKULUT,Palvelujen ostot,,,,,2023
43,4445,Koulutuskorvaukset työnantajille,tuloslaskelma,TOIMINTAKULUT,Palvelujen ostot,,,,,2023
44,4450,Osuus verotuskustannuksiin,tuloslaskelma,TOIMINTAKULUT,Palvelujen ostot,,,,,2023
45,4460,Muut yhteistoimintaosuudet,tuloslaskelma,TOIMINTAKULUT,Palvelujen ostot,,,,,2023
46,4470,Muut palvelut,tuloslaskelma,TOIMINTAKULUT,Palvelujen ostot,,,,,2023
47,4480,Aktivoidut palvelujen ostot,tuloslaskelma,TOIMINTAKULUT,Palvelujen ostot,,,,,2023
48,4500,Toimisto- ja koulutarvikkeet,tuloslaskelma,TOIMINTAKULUT,"Aineet, tarvikkeet ja tavarat",,,,,2023
49,4510,Kirjallisuus,tuloslaskelma,TOIMINTAKULUT,"Aineet, tarvikkeet ja tavarat",,,,,2023
50,4520,Elintarvikkeet,tuloslaskelma,TOIMINTAKULUT,"Aineet, tarvikkeet ja tavarat",,,,,2023
51,4530,Vaatteisto,tuloslaskelma,TOIMINTAKULUT,"Aineet, tarvikkeet ja tavarat",,,,,2023
52,4533,Lääkkeet,tuloslaskelma,TOIMINTAKULUT,"Aineet, tarvikkeet ja tavarat",,,,,2023
53,4534,Hoitotarvikkeet,tuloslaskelma,TOIMINTAKULUT,"Aineet, tarvikkeet ja tavarat",,,,,2023
54,4550,Puhdistusaineet ja -tarvikkeet,tuloslaskelma,TOIMINTAKULUT,"Aineet, tarvikkeet ja tavarat",,,,,2023
55,4560,Poltto- ja voiteluaineet,tuloslaskelma,TOIMINTAKULUT,"Aineet, tarvikkeet ja tavarat",,,,,2023
56,4568,Lämmitys,tuloslaskelma,TOIMINTAKULUT,"Aineet, tarvikkeet ja tavarat",,,,,2023
57,4569,Sähkö ja kaasu,tuloslaskelma,TOIMINTAKULUT,"Aineet, tarvikkeet ja tavarat",,,,,2023
58,4570,Vesi,tuloslaskelma,TOIMINTAKULUT,"Aineet, tarvikkeet ja tavarat",,,,,2023
59,4580,Kalusto,tuloslaskelma,TOIMINTAKULUT,"Aineet, tarvikkeet ja tavarat",,,,,2023
60,4590,Rakennusmateriaali,tuloslaskelma,TOIMINTAKULUT,"Aineet, tarvikkeet ja tavarat",,,,,2023
61,4600,Muu materiaali,tuloslaskelma,TOIMINTAKULUT,"Aineet, tarvikkeet ja tavarat",,,,,2023
62,4640,"Pysyviin vastaaviin aktivoidut aineet, tarvikkeet ja tavarat",tuloslaskelma,TOIMINTAKULUT,"Aineet, tarvikkeet ja tavarat",,,,,2023
63,4670,Varastojen lisäys/vähennys,tuloslaskelma,TOIMINTAKULUT,"Aineet, tarvikkeet ja tavarat",,,,"Kunta, ky, LL",2023
64,4712,Kotihoidon tuki,tuloslaskelma,TOIMINTAKULUT,Avustukset,,,,,2023
65,4713,Kotihoidon tuen kuntalisä,tuloslaskelma,TOIMINTAKULUT,Avustukset,,,,,2023
66,4714,Yksityisen hoidon tuki,tuloslaskelma,TOIMINTAKULUT,Avustukset,,,,,2023
67,4715,Yksityisen hoidon tuen kuntalisä,tuloslaskelma,TOIMINTAKULUT,Avustukset,,,,,2023
68,4716,Osittainen ja joustava hoitoraha,tuloslaskelma,TOIMINTAKULUT,Avustukset,,,,,2023
69,4721,Täydentävä toimeentulotuki,tuloslaskelma,TOIMINTAKULUT,Avustukset,,,,,2023
70,4722,Ehkäisevä toimeentulotuki,tuloslaskelma,TOIMINTAKULUT,Avustukset,,,,,2023
71,4723,Täydentävän ja ehkäisevän toimeentulotuen takaisinperintä,tuloslaskelma,TOIMINTAKULUT,Avustukset,,,,,2023
72,4739,Muut avustukset kotitalouksille,tuloslaskelma,TOIMINTAKULUT,Avustukset,,,,,2023
73,4742,Avustukset yhteisöille,tuloslaskelma,TOIMINTAKULUT,Avustukset,,,,,2023
74,4810,Maa- ja vesialueiden vuokrat,tuloslaskelma,TOIMINTAKULUT,Muut toimintakulut,,,,,2023
75,4820,Rakennusten ja huoneistojen vuokrat,tuloslaskelma,TOIMINTAKULUT,Muut toimintakulut,,,,,2023
76,4830,Koneiden ja laitteiden vuokrat,tuloslaskelma,TOIMINTAKULUT,Muut toimintakulut,,,,,2023
77,4890,Muut vuokrat,tuloslaskelma,TOIMINTAKULUT,Muut toimintakulut,,,,,2023
78,4899,Aktivoidut vuokrakulut,tuloslaskelma,TOIMINTAKULUT,Muut toimintakulut,,,,,2023
79,4901,Jätevero,tuloslaskelma,TOIMINTAKULUT,Muut toimintakulut,,,,,2023
80,4910,Muut välilliset ja välittömät verot,tuloslaskelma,TOIMINTAKULUT,Muut toimintakulut,,,,,2023
81,4920,Pysyvien vastaavien hyödykkeiden luovutustappiot,tuloslaskelma,TOIMINTAKULUT,Muut toimintakulut,,,,,2023
82,4921,Luottotappiot toimintatuotoista (myyntisaamiset),tuloslaskelma,TOIMINTAKULUT,Muut toimintakulut,,,,,2023
83,4930,Takaustappiot,tuloslaskelma,TOIMINTAKULUT,Muut toimintakulut,,,,,2023
84,4931,Takauskorvausten takaisinperinnät,tuloslaskelma,TOIMINTAKULUT,Muut toimintakulut,,,,,2023
85,4940,Muut toimintakulut,tuloslaskelma,TOIMINTAKULUT,Muut toimintakulut,,,,,2023
86,4990,Aktivoidut muut kulut,tuloslaskelma,TOIMINTAKULUT,Muut toimintakulut,,,,,2023
87,4996,Osuus osakkuusyhteisöjen voitosta,tuloslaskelma,TOIMINTAKULUT,Osuus osakkuusyhteisöjen voitosta (tappiosta),,,,,2023
88,4997,Osuus osakkuusyhteisöjen tappiosta,tuloslaskelma,TOIMINTAKULUT,Osuus osakkuusyhteisöjen voitosta (tappiosta),,,,,2023
89,5000,Kunnan tulovero,tuloslaskelma,TOIMINTAKULUT,Verotulot,,,,,2023
90,5100,Kiinteistövero,tuloslaskelma,TOIMINTAKULUT,Verotulot,,,,,2023
91,5200,Osuus yhteisöveron tuotosta,tuloslaskelma,TOIMINTAKULUT,Verotulot,,,,,2023
92,5400,Muut verotulot,tuloslaskelma,TOIMINTAKULUT,Verotulot,,,,,2023
93,5501,Kunnan peruspalvelujen valtionosuus (ilman tasauksia),tuloslaskelma,TOIMINTAKULUT,Valtionosuudet,,,,,2023
94,5502,Verotuloihin perustuva valtionosuuksien tasaus,tuloslaskelma,TOIMINTAKULUT,Valtionosuudet,,,,,2023
95,5510,Harkinnanvarainen valtionosuuden korotus,tuloslaskelma,TOIMINTAKULUT,Valtionosuudet,,,,,2023
96,5701,Opetus- ja kulttuuritoimen muut valtionosuudet,tuloslaskelma,TOIMINTAKULUT,Valtionosuudet,,,,,2023
97,5850,Muut valtionosuudet,tuloslaskelma,TOIMINTAKULUT,Valtionosuudet,,,,,2023
98,5890,Verotulojen menetysten korvaus,tuloslaskelma,TOIMINTAKULUT,Valtionosuudet,,,,,2023
99,6040,Korkotuotot antolainoista,tuloslaskelma,TOIMINTAKULUT,Rahoitustuotot ja -kulut,,,,,2023
100,6050,Muut korkotuotot,tuloslaskelma,TOIMINTAKULUT,Rahoitustuotot ja -kulut,,,,,2023
101,6055,Korkojohdannaisiin liittyvät korkotuotot ja -kulut (tuottoja suojaava),tuloslaskelma,TOIMINTAKULUT,Rahoitustuotot ja -kulut,,,,,2023
102,6100,Osinkotuotot ja osuuspääomien korot,tuloslaskelma,TOIMINTAKULUT,Rahoitustuotot ja -kulut,,,,,2023
103,6115,Korvaus peruspääomasta,tuloslaskelma,TOIMINTAKULUT,Rahoitustuotot ja -kulut,,,,"Kunta, ky",2023
104,6116,Korvaus jäännöspääomasta,tuloslaskelma,TOIMINTAKULUT,Rahoitustuotot ja -kulut,,,,"Kunta, ky",2023
105,6120,Verotilitysten korot ja korotukset,tuloslaskelma,TOIMINTAKULUT,Rahoitustuotot ja -kulut,,,,,2023
106,6130,Viivästyskorot,tuloslaskelma,TOIMINTAKULUT,Rahoitustuotot ja -kulut,,,,,2023
107,6140,Peruspääoman korot kuntayhtymiltä,tuloslaskelma,TOIMINTAKULUT,Rahoitustuotot ja -kulut,,,,Kunta,2023
108,6150,Kurssivoitot rahoituslainoista,tuloslaskelma,TOIMINTAKULUT,Rahoitustuotot ja -kulut,,,,,2023
109,6160,Arvopapereiden luovutusvoitot,tuloslaskelma,TOIMINTAKULUT,Rahoitustuotot ja -kulut,,,,,2023
110,6169,Korkojohdannaisiin liittyvät tuotot (ei-suojaava),tuloslaskelma,TOIMINTAKULUT,Rahoitustuotot ja -kulut,,,,,2023
111,6170,Muut rahoitustuotot,tuloslaskelma,TOIMINTAKULUT,Rahoitustuotot ja -kulut,,,,,2023
112,6176,Takausprovisiot,tuloslaskelma,TOIMINTAKULUT,Rahoitustuotot ja -kulut,,,,,2023
113,6180,Rahoitusarvopaperien arvonalentumisten oikaisut (Arvonalentumisten palautumiset),tuloslaskelma,TOIMINTAKULUT,Rahoitustuotot ja -kulut,,,,,2023
114,6250,Kunnalle/ky:lle maksetut korkokulut,tuloslaskelma,TOIMINTAKULUT,Rahoitustuotot ja -kulut,,,,LL,2023
115,6255,Korkokulut lainoista ulkopuolisilta,tuloslaskelma,TOIMINTAKULUT,Rahoitustuotot ja -kulut,,,,,2023
116,6270,Korkojohdannaisiin liittyvät korkokulut ja -tuotot (kuluja suojaava),tuloslaskelma,TOIMINTAKULUT,Rahoitustuotot ja -kulut,,,,,2023
117,6301,Peruspääoman korko,tuloslaskelma,TOIMINTAKULUT,Rahoitustuotot ja -kulut,,,,ky,2023
118,6304,Korvaus peruspääomasta,tuloslaskelma,TOIMINTAKULUT,Rahoitustuotot ja -kulut,,,,LL,2023
119,6306,Korvaus jäännöspääomasta,tuloslaskelma,TOIMINTAKULUT,Rahoitustuotot ja -kulut,,,,LL,2023
120,6330,Kurssitappiot rahoituslainoista,tuloslaskelma,TOIMINTAKULUT,Rahoitustuotot ja -kulut,,,,,2023
121,6335,Arvopapereiden luovutustappiot,tuloslaskelma,TOIMINTAKULUT,Rahoitustuotot ja -kulut,,,,,2023
122,6360,Arvonalentumiset vaihtuvien vastaavien rahoitusarvopapereista,tuloslaskelma,TOIMINTAKULUT,Rahoitustuotot ja -kulut,,,,,2023
123,6370,Arvonalentumiset pysyvien vastaavien sijoituksista (pl. toimialasijoittamisen osakkeet ja -osuudet),tuloslaskelma,TOIMINTAKULUT,Rahoitustuotot ja -kulut,,,,,2023
124,6379,Korkojohdannaisiin liittyvät kulut (ei-suojaava),tuloslaskelma,TOIMINTAKULUT,Rahoitustuotot ja -kulut,,,,,2023
125,6380,Muut rahoituskulut,tuloslaskelma,TOIMINTAKULUT,Rahoitustuotot ja -kulut,,,,,2023
126,7170,Suunnitelman mukaiset poistot,tuloslaskelma,TOIMINTAKULUT,Poistot ja arvonalentumiset,,,,,2023
127,7180,Kertaluonteiset poistot,tuloslaskelma,TOIMINTAKULUT,Poistot ja arvonalentumiset,,,,,2023
128,7190,"Pysyvien vastaavien hyödykkeiden luovutusvoitot ja -tappiot 
(epäolennaiset, ellei muissa tuotoissa/kuluissa)",tuloslaskelma,TOIMINTAKULUT,Poistot ja arvonalentumiset,,,,,2023
129,7220,Positiivinen eliminointiero,tuloslaskelma,TOIMINTAKULUT,Poistot ja arvonalentumiset,,,,,2023
130,7221,Negatiivinen eliminointiero,tuloslaskelma,TOIMINTAKULUT,Poistot ja arvonalentumiset,,,,,2023
131,7222,Konserniliikearvon poisto,tuloslaskelma,TOIMINTAKULUT,Poistot ja arvonalentumiset,,,,,2023
132,7223,Konsernireservin vähennys,tuloslaskelma,TOIMINTAKULUT,Poistot ja arvonalentumiset,,,,,2023
133,7230,Pysyvien vastaavien hyödykkeiden arvonalentumiset,tuloslaskelma,TOIMINTAKULUT,Poistot ja arvonalentumiset,,,,,2023
134,7240,Muut arvonalentumiset,tuloslaskelma,TOIMINTAKULUT,Poistot ja arvonalentumiset,,,,,2023
135,8000,Pysyvien vastaavien hyödykkeiden luovutusvoitot,tuloslaskelma,TOIMINTAKULUT,Satunnaiset tuotot ja kulut/Satunnaiset erät,,,,,2023
136,8010,Omistusosuuksien luovutukset,tuloslaskelma,TOIMINTAKULUT,Satunnaiset tuotot ja kulut/Satunnaiset erät,,,,,2023
137,8020,Vahingonkorvaukset ja sopimussakot,tuloslaskelma,TOIMINTAKULUT,Satunnaiset tuotot ja kulut/Satunnaiset erät,,,,,2023
138,8050,Muut satunnaiset tuotot,tuloslaskelma,TOIMINTAKULUT,Satunnaiset tuotot ja kulut/Satunnaiset erät,,,,,2023
139,8100,Pysyvien vastaavien hyödykkeiden luovutustappiot,tuloslaskelma,TOIMINTAKULUT,Satunnaiset tuotot ja kulut/Satunnaiset erät,,,,,2023
140,8110,Omistusosuuksien luovutukset,tuloslaskelma,TOIMINTAKULUT,Satunnaiset tuotot ja kulut/Satunnaiset erät,,,,,2023
141,8120,Vahingonkorvaukset ja sopimussakot,tuloslaskelma,TOIMINTAKULUT,Satunnaiset tuotot ja kulut/Satunnaiset erät,,,,,2023
142,8130,Annetut akordit ja konserniavustukset,tuloslaskelma,TOIMINTAKULUT,Satunnaiset tuotot ja kulut/Satunnaiset erät,,,,,2023
143,8150,Muut satunnaiset kulut,tuloslaskelma,TOIMINTAKULUT,Satunnaiset tuotot ja kulut/Satunnaiset erät,,,,,2023
144,8200,Tilinpäätössiirrot,tuloslaskelma,TOIMINTAKULUT,Satunnaiset tuotot ja kulut/Satunnaiset erät,,,,Kons,2023
145,8500,Poistoeron lisäys (-),tuloslaskelma,TOIMINTAKULUT,Poistoeron muutos / Poistoeron lisäys (-) tai vähennys (+),,,,,2023
146,8550,Poistoeron vähennys (+),tuloslaskelma,TOIMINTAKULUT,Poistoeron muutos / Poistoeron lisäys (-) tai vähennys (+),,,,,2023
147,8600,Varausten lisäys (-),tuloslaskelma,TOIMINTAKULUT,Varausten muutos / Varausten lisäys (-) tai vähennys (+),,,,,2023
148,8650,Varausten vähennys (+),tuloslaskelma,TOIMINTAKULUT,Varausten muutos / Varausten lisäys (-) tai vähennys (+),,,,,2023
149,8700,Rahastojen lisäys (-),tuloslaskelma,TOIMINTAKULUT,Rahastojen muutos / Rahastojen lisäys (-) tai vähennys (+),,,,,2023
150,8750,Rahastojen vähennys (+),tuloslaskelma,TOIMINTAKULUT,Rahastojen muutos / Rahastojen lisäys (-) tai vähennys (+),,,,,2023
151,8760,Tuloverot,tuloslaskelma,TOIMINTAKULUT,Rahastojen muutos / Rahastojen lisäys (-) tai vähennys (+),,,,LL,2023
152,8765,Tilikauden verot,tuloslaskelma,TOIMINTAKULUT,Rahastojen muutos / Rahastojen lisäys (-) tai vähennys (+),,,,Kons,2023
153,8766,Laskennalliset verot,tuloslaskelma,TOIMINTAKULUT,Rahastojen muutos / Rahastojen lisäys (-) tai vähennys (+),,,,Kons,2023
154,8780,Vähemmistöosuudet,tuloslaskelma,TOIMINTAKULUT,Rahastojen muutos / Rahastojen lisäys (-) tai vähennys (+),,,,Kons,2023
155,8800,Tilikauden ylijäämä (alijäämä),tuloslaskelma,TOIMINTAKULUT,Rahastojen muutos / Rahastojen lisäys (-) tai vähennys (+),,,,"Kunta, ky, LL, Kons",2023
156,1005,Tietokoneohjelmistot,tase,TASE VASTAAVAA,PYSYVÄT VASTAAVAT,Aineettomat hyödykkeet,Aineettomat oikeudet,,,2023
157,1006,Muut aineettomat oikeudet,tase,TASE VASTAAVAA,PYSYVÄT VASTAAVAT,Aineettomat hyödykkeet,Aineettomat oikeudet,,,2023
158,1012,Konserniliikearvo,tase,TASE VASTAAVAA,PYSYVÄT VASTAAVAT,Aineettomat hyödykkeet,,,,2023
159,1010,Muut pitkävaikutteiset menot,tase,TASE VASTAAVAA,PYSYVÄT VASTAAVAT,Aineettomat hyödykkeet,,,"Kunta, ky, LL, Kons",2023
160,1020,Ennakkomaksut,tase,TASE VASTAAVAA,PYSYVÄT VASTAAVAT,Aineettomat hyödykkeet,,,"Kunta, ky, LL, Kons",2023
161,1100,Maa- ja vesialueet,tase,TASE VASTAAVAA,PYSYVÄT VASTAAVAT,Aineelliset hyödykkeet,Maa- ja vesialueet (sis. arvonkorotukset),Maa- ja vesialueet (ilman arvonkorotuksia),,2023
162,1102,Kiinteistöjen liittymismaksut,tase,TASE VASTAAVAA,PYSYVÄT VASTAAVAT,Aineelliset hyödykkeet,Maa- ja vesialueet (sis. arvonkorotukset),Maa- ja vesialueet (ilman arvonkorotuksia),,2023
163,1104,Kiinteistöjen vuokraoikeudet ja niihin liittyvät liittymismaksut,tase,TASE VASTAAVAA,PYSYVÄT VASTAAVAT,Aineelliset hyödykkeet,Maa- ja vesialueet (sis. arvonkorotukset),Maa- ja vesialueet (ilman arvonkorotuksia),,2023
164,1105,Maa- ja vesialueiden arvonkorotukset,tase,TASE VASTAAVAA,PYSYVÄT VASTAAVAT,Aineelliset hyödykkeet,Maa- ja vesialueet (sis. arvonkorotukset),,,2023
165,1115,Asuinrakennukset,tase,TASE VASTAAVAA,PYSYVÄT VASTAAVAT,Aineelliset hyödykkeet,Rakennukset,,,2023
166,1116,Muut rakennukset,tase,TASE VASTAAVAA,PYSYVÄT VASTAAVAT,Aineelliset hyödykkeet,Rakennukset,,,2023
167,1130,Kiinteät rakenteet ja laitteet,tase,TASE VASTAAVAA,PYSYVÄT VASTAAVAT,Aineelliset hyödykkeet,,,"Kunta, ky, LL, Kons",2023
168,1160,Kuljetusvälineet,tase,TASE VASTAAVAA,PYSYVÄT VASTAAVAT,Aineelliset hyödykkeet,Koneet ja kalusto,,,2023
169,1165,Tietokonelaitteet,tase,TASE VASTAAVAA,PYSYVÄT VASTAAVAT,Aineelliset hyödykkeet,Koneet ja kalusto,,,2023
170,1166,Viestintälaitteet,tase,TASE VASTAAVAA,PYSYVÄT VASTAAVAT,Aineelliset hyödykkeet,Koneet ja kalusto,,,2023
171,1170,Muut koneet ja kalusto,tase,TASE VASTAAVAA,PYSYVÄT VASTAAVAT,Aineelliset hyödykkeet,Koneet ja kalusto,,,2023
172,1180,Luonnonvarat,tase,TASE VASTAAVAA,PYSYVÄT VASTAAVAT,Aineelliset hyödykkeet,Muut aineelliset hyödykkeet,,,2023
173,1184,Arvo- ja taide-esineet,tase,TASE VASTAAVAA,PYSYVÄT VASTAAVAT,Aineelliset hyödykkeet,Muut aineelliset hyödykkeet,,,2023
174,1187,Muut hyödykkeet,tase,TASE VASTAAVAA,PYSYVÄT VASTAAVAT,Aineelliset hyödykkeet,Muut aineelliset hyödykkeet,,,2023
175,1190,Ennakkomaksut,tase,TASE VASTAAVAA,PYSYVÄT VASTAAVAT,Aineelliset hyödykkeet,Ennakkomaksut ja keskeneräiset hankinnat,,,2023
176,1195,Keskeneräiset hankinnat,tase,TASE VASTAAVAA,PYSYVÄT VASTAAVAT,Aineelliset hyödykkeet,Ennakkomaksut ja keskeneräiset hankinnat,,,2023
177,1200,Osakkuusyhteisöosakkeet ja -osuudet,tase,TASE VASTAAVAA,PYSYVÄT VASTAAVAT,Sijoitukset,Osakkuusyhteisöosuudet,,,2023
178,1201,Yhteisyhteisöosakkeet ja -osuudet,tase,TASE VASTAAVAA,PYSYVÄT VASTAAVAT,Sijoitukset,Osakkuusyhteisöosuudet,,,2023
179,1202,Muut osakkeet ja osuudet,tase,TASE VASTAAVAA,PYSYVÄT VASTAAVAT,Sijoitukset,Osakkuusyhteisöosuudet,,,2023
180,1204,Osakkeet ja osuudet tytäryhteisöissä,tase,TASE VASTAAVAA,PYSYVÄT VASTAAVAT,Sijoitukset,Osakkeet ja osuudet,,,2023
181,1205,Asunto-osakkeet tytäryhteisöissä,tase,TASE VASTAAVAA,PYSYVÄT VASTAAVAT,Sijoitukset,Osakkeet ja osuudet,,,2023
182,1206,Kuntayhtymäosuudet,tase,TASE VASTAAVAA,PYSYVÄT VASTAAVAT,Sijoitukset,Osakkeet ja osuudet,,,2023
183,1209,Liikelaitosten peruspääomaosuudet,tase,TASE VASTAAVAA,PYSYVÄT VASTAAVAT,Sijoitukset,Osakkeet ja osuudet,,,2023
184,1210,Muiden taseyksiköiden peruspääomaosuudet,tase,TASE VASTAAVAA,PYSYVÄT VASTAAVAT,Sijoitukset,Osakkeet ja osuudet,,,2023
185,1212,Muut osakkeet ja osuudet,tase,TASE VASTAAVAA,PYSYVÄT VASTAAVAT,Sijoitukset,Osakkeet ja osuudet,,,2023
186,1213,Muut asunto-osakkeet,tase,TASE VASTAAVAA,PYSYVÄT VASTAAVAT,Sijoitukset,Osakkeet ja osuudet,,,2023
187,1214,Osakkeiden ja osuuksien arvonkorotukset,tase,TASE VASTAAVAA,PYSYVÄT VASTAAVAT,Sijoitukset,Osakkeet ja osuudet,,,2023
188,1222,Joukkovelkakirjalainasaamiset,tase,TASE VASTAAVAA,PYSYVÄT VASTAAVAT,Sijoitukset,,,"Kunta, ky, LL, Kons",2023
189,1237,Pääomalainasaamiset,tase,TASE VASTAAVAA,PYSYVÄT VASTAAVAT,Sijoitukset,Muut lainasaamiset,,,2023
190,1239,Muut lainasaamiset,tase,TASE VASTAAVAA,PYSYVÄT VASTAAVAT,Sijoitukset,Muut lainasaamiset,,,2023
191,1247,Muut saamiset,tase,TASE VASTAAVAA,PYSYVÄT VASTAAVAT,Sijoitukset,Muut saamiset,,,2023
192,1248,Liittymismaksut palautettavat,tase,TASE VASTAAVAA,PYSYVÄT VASTAAVAT,Sijoitukset,Muut saamiset,,,2023
193,1410,Välitetyt valtion lainat,tase,TASE VASTAAVAA,TOIMEKSIANTOJEN VARAT,Valtion toimeksiannot,,,,2023
194,1420,Muut valtion toimeksiannot,tase,TASE VASTAAVAA,TOIMEKSIANTOJEN VARAT,Valtion toimeksiannot,,,,2023
195,1440,Lahjoitusrahastojen varat,tase,TASE VASTAAVAA,TOIMEKSIANTOJEN VARAT,,,,"Kunta, ky, LL, Kons",2023
196,1460,Muut toimeksiantojen varat,tase,TASE VASTAAVAA,TOIMEKSIANTOJEN VARAT,,,,"Kunta, ky, LL, Kons",2023
197,1500,Aineet ja tarvikkeet,tase,TASE VASTAAVAA,VAIHTUVAT VASTAAVAT,Vaihto-omaisuus,,,"Kunta, ky, LL, Kons",2023
198,1530,Keskeneräiset tuotteet,tase,TASE VASTAAVAA,VAIHTUVAT VASTAAVAT,Vaihto-omaisuus,,,"Kunta, ky, LL, Kons",2023
199,1550,Valmiit tuotteet,tase,TASE VASTAAVAA,VAIHTUVAT VASTAAVAT,Vaihto-omaisuus,,,"Kunta, ky, LL, Kons",2023
200,1570,Muu vaihto-omaisuus,tase,TASE VASTAAVAA,VAIHTUVAT VASTAAVAT,Vaihto-omaisuus,,,"Kunta, ky, LL, Kons",2023
201,1590,Ennakkomaksut,tase,TASE VASTAAVAA,VAIHTUVAT VASTAAVAT,Vaihto-omaisuus,,,"Kunta, ky, LL, Kons",2023
202,1600,Myyntisaamiset,tase,TASE VASTAAVAA,VAIHTUVAT VASTAAVAT,Saamiset,Pitkäaikaiset saamiset,,"Kunta, ky, LL, Kons",2023
203,1630,Lainasaamiset,tase,TASE VASTAAVAA,VAIHTUVAT VASTAAVAT,Saamiset,Pitkäaikaiset saamiset,,"Kunta, ky, LL, Kons",2023
204,1640,Saamiset kunnalta ja kuntayhtymältä,tase,TASE VASTAAVAA,VAIHTUVAT VASTAAVAT,Saamiset,Pitkäaikaiset saamiset,,LL,2023
205,1650,Laskennalliset verosaamiset,tase,TASE VASTAAVAA,VAIHTUVAT VASTAAVAT,Saamiset,Pitkäaikaiset saamiset,,Kons,2023
206,1688,Muut saamiset,tase,TASE VASTAAVAA,VAIHTUVAT VASTAAVAT,Saamiset,Pitkäaikaiset saamiset,,"Kunta, ky, LL, Kons",2023
207,1711,Siirtyvät korot,tase,TASE VASTAAVAA,VAIHTUVAT VASTAAVAT,Saamiset,Pitkäaikaiset saamiset,Siirtosaamiset,,2023
208,1712,Muut siirtosaamiset,tase,TASE VASTAAVAA,VAIHTUVAT VASTAAVAT,Saamiset,Pitkäaikaiset saamiset,Siirtosaamiset,,2023
209,1720,Myyntisaamiset,tase,TASE VASTAAVAA,VAIHTUVAT VASTAAVAT,Saamiset,Lyhytaikaiset saamiset,,"Kunta, ky, LL, Kons",2023
210,1750,Lainasaamiset,tase,TASE VASTAAVAA,VAIHTUVAT VASTAAVAT,Saamiset,Lyhytaikaiset saamiset,,"Kunta, ky, LL, Kons",2023
211,1760,Saamiset kunnalta ja kuntayhtymältä,tase,TASE VASTAAVAA,VAIHTUVAT VASTAAVAT,Saamiset,Lyhytaikaiset saamiset,,LL,2023
212,1770,Laskennalliset verosaamiset,tase,TASE VASTAAVAA,VAIHTUVAT VASTAAVAT,Saamiset,Lyhytaikaiset saamiset,,Kons,2023
213,1800,Muut saamiset,tase,TASE VASTAAVAA,VAIHTUVAT VASTAAVAT,Saamiset,Lyhytaikaiset saamiset,Muut saamiset,,2023
214,1810,Alv-saamiset,tase,TASE VASTAAVAA,VAIHTUVAT VASTAAVAT,Saamiset,Lyhytaikaiset saamiset,Muut saamiset,,2023
215,1816,Siirtyvät korot,tase,TASE VASTAAVAA,VAIHTUVAT VASTAAVAT,Saamiset,Lyhytaikaiset saamiset,Siirtosaamiset,,2023
216,1829,Muut siirtosaamiset,tase,TASE VASTAAVAA,VAIHTUVAT VASTAAVAT,Saamiset,Lyhytaikaiset saamiset,Siirtosaamiset,,2023
217,1830,Osakkeet ja osuudet,tase,TASE VASTAAVAA,VAIHTUVAT VASTAAVAT,Rahoitusarvopaperit,,,"Kunta, ky, LL, Kons",2023
218,1850,Sijoitukset valtion velkasitoumuksiin,tase,TASE VASTAAVAA,VAIHTUVAT VASTAAVAT,Rahoitusarvopaperit,Sijoitukset rahamarkkinainstrumentteihin,,,2023
219,1855,Sijoitukset kuntatodistuksiin,tase,TASE VASTAAVAA,VAIHTUVAT VASTAAVAT,Rahoitusarvopaperit,Sijoitukset rahamarkkinainstrumentteihin,,,2023
220,1860,Sijoitukset muihin rahamarkkinainstrumentteihin,tase,TASE VASTAAVAA,VAIHTUVAT VASTAAVAT,Rahoitusarvopaperit,Sijoitukset rahamarkkinainstrumentteihin,,,2023
221,1870,Joukkovelkakirjalainasaamiset,tase,TASE VASTAAVAA,VAIHTUVAT VASTAAVAT,Rahoitusarvopaperit,,,"Kunta, ky, LL, Kons",2023
222,1891,Rahasto-osuudet (yhteensä),tase,TASE VASTAAVAA,VAIHTUVAT VASTAAVAT,Rahoitusarvopaperit,Muut arvopaperit,,,2023
223,1892,Muut arvopaperit,tase,TASE VASTAAVAA,VAIHTUVAT VASTAAVAT,Rahoitusarvopaperit,Muut arvopaperit,,,2023
224,1900,Rahat ja pankkisaamiset,tase,TASE VASTAAVAA,VAIHTUVAT VASTAAVAT,,,,"Kunta, ky, LL, Kons",2023
225,2000,Peruspääoma,tase,TASE VASTATTAVAA,OMA PÄÄOMA,,,,"Kunta, ky, LL, Kons",2023
226,2005,Säätiöiden ja yhdistysten peruspääomat,tase,TASE VASTATTAVAA,OMA PÄÄOMA,,,,Kons,2023
227,2010,Arvonkorotusrahasto,tase,TASE VASTATTAVAA,OMA PÄÄOMA,,,,"Kunta, ky, LL, Kons",2023
228,2015,Muut omat rahastot,tase,TASE VASTATTAVAA,OMA PÄÄOMA,,,,"Kunta, ky, LL, Kons",2023
229,2040,Edellisten tilikausien ylijäämä (alijäämä),tase,TASE VASTATTAVAA,OMA PÄÄOMA,,,,"Kunta, ky, LL, Kons",2023
230,2050,Tilikauden ylijäämä (alijäämä),tase,TASE VASTATTAVAA,OMA PÄÄOMA,,,,"Kunta, ky, LL, Kons",2023
231,2060,Vähemmistöosuudet,tase,TASE VASTATTAVAA,VÄHEMMISTÖOSUUDET,,,,,2023
232,2100,Poistoero,tase,TASE VASTATTAVAA,POISTOERO JA VAPAAEHTOISET VARAUKSET,,,,"Kunta, ky, LL",2023
233,2110,Vapaaehtoiset varaukset,tase,TASE VASTATTAVAA,POISTOERO JA VAPAAEHTOISET VARAUKSET,,,,"Kunta, ky, LL",2023
234,2120,Eläkevaraukset,tase,TASE VASTATTAVAA,PAKOLLISET VARAUKSET,,,,"Kunta, ky, LL, Kons",2023
235,2130,Muut pakolliset varaukset,tase,TASE VASTATTAVAA,PAKOLLISET VARAUKSET,,,,"Kunta, ky, LL, Kons",2023
236,2300,Välitettävät valtion lainat,tase,TASE VASTATTAVAA,TOIMEKSIANTOJEN PÄÄOMAT,Valtion toimeksiannot,,,,2023
237,2310,Välitetyt valtion lainat,tase,TASE VASTATTAVAA,TOIMEKSIANTOJEN PÄÄOMAT,Valtion toimeksiannot,,,,2023
238,2320,Muut valtion toimeksiantojen pääomat,tase,TASE VASTATTAVAA,TOIMEKSIANTOJEN PÄÄOMAT,Valtion toimeksiannot,,,,2023
239,2325,Lahjoitusrahastojen pääomat,tase,TASE VASTATTAVAA,TOIMEKSIANTOJEN PÄÄOMAT,,,,"Kunta, ky, LL, Kons",2023
240,2330,Muut toimeksiantojen pääomat,tase,TASE VASTATTAVAA,TOIMEKSIANTOJEN PÄÄOMAT,,,,"Kunta, ky, LL, Kons",2023
241,2399,Konsernireservi,tase,TASE VASTATTAVAA,KONSERNIRESERVI,,,,,2023
242,2400,Joukkovelkakirjalainat,tase,TASE VASTATTAVAA,VIERAS PÄÄOMA,Pitkäaikainen (korollinen vieras pääoma),,,"Kunta, ky, LL, Kons",2023
243,2410,Lainat rahoitus- ja vakuutuslaitoksilta,tase,TASE VASTATTAVAA,VIERAS PÄÄOMA,Pitkäaikainen (korollinen vieras pääoma),,,"Kunta, ky, LL, Kons",2023
244,2415,Lainat kunnalta/kuntayhtymältä,tase,TASE VASTATTAVAA,VIERAS PÄÄOMA,Pitkäaikainen (korollinen vieras pääoma),,,LL,2023
245,2420,Lainat julkisyhteisöiltä,tase,TASE VASTATTAVAA,VIERAS PÄÄOMA,Pitkäaikainen (korollinen vieras pääoma),,,"Kunta, ky, LL, Kons",2023
246,2430,Lainat muilta luotonantajilta,tase,TASE VASTATTAVAA,VIERAS PÄÄOMA,Pitkäaikainen (korollinen vieras pääoma),,,"Kunta, ky, LL, Kons",2023
247,2449,Saadut ennakot,tase,TASE VASTATTAVAA,VIERAS PÄÄOMA,Pitkäaikainen (koroton vieras pääoma),,,"Kunta, ky, LL, Kons",2023
248,2457,Ostovelat,tase,TASE VASTATTAVAA,VIERAS PÄÄOMA,Pitkäaikainen (koroton vieras pääoma),,,"Kunta, ky, LL, Kons",2023
249,2458,Korottomat velat kunnalta/kuntayhtymältä,tase,TASE VASTATTAVAA,VIERAS PÄÄOMA,Pitkäaikainen (koroton vieras pääoma),,,LL,2023
250,2460,Johdannaissopimusten perusteella vastaanotetut käteisvakuudet,tase,TASE VASTATTAVAA,VIERAS PÄÄOMA,Pitkäaikainen (koroton vieras pääoma),Muut velat/Liittymismaksut ja muut velat,,,2023
251,2469,Liittymismaksut ja muut velat,tase,TASE VASTATTAVAA,VIERAS PÄÄOMA,Pitkäaikainen (koroton vieras pääoma),Muut velat/Liittymismaksut ja muut velat,,,2023
252,2470,Siirtovelat,tase,TASE VASTATTAVAA,VIERAS PÄÄOMA,Pitkäaikainen (koroton vieras pääoma),,,"Kunta, ky, LL, Kons",2023
253,2480,Laskennalliset verovelat,tase,TASE VASTATTAVAA,VIERAS PÄÄOMA,Pitkäaikainen (koroton vieras pääoma),,,Kons,2023
254,2500,Joukkovelkakirjalainat,tase,TASE VASTATTAVAA,VIERAS PÄÄOMA,Lyhytaikainen,Lyhytaikainen (korollinen vieras pääoma),,"Kunta, ky, LL, Kons",2023
255,2501,"Pitkäaikaisten lainojen seuraavan vuoden lyhennykset, joukkovelkakirjalainat",tase,TASE VASTATTAVAA,VIERAS PÄÄOMA,Lyhytaikainen,Lyhytaikainen (korollinen vieras pääoma),,"Kunta, ky, LL, Kons",2023
256,2510,Lainat rahoitus- ja vakuutuslaitoksilta,tase,TASE VASTATTAVAA,VIERAS PÄÄOMA,Lyhytaikainen,Lyhytaikainen (korollinen vieras pääoma),,"Kunta, ky, LL, Kons",2023
257,2511,"Pitkäaikaisten lainojen seuraavan vuoden lyhennykset, lainat rahoitus- ja vakuutuslaitoksilta",tase,TASE VASTATTAVAA,VIERAS PÄÄOMA,Lyhytaikainen,Lyhytaikainen (korollinen vieras pääoma),,"Kunta, ky, LL, Kons",2023
258,2515,Lainat kunnalta/kuntayhtymältä,tase,TASE VASTATTAVAA,VIERAS PÄÄOMA,Lyhytaikainen,Lyhytaikainen (korollinen vieras pääoma),,LL,2023
259,2516,"Pitkäaikaisten lainojen seuraavan vuoden lyhennykset, lainat kunnalta/kuntayhtymältä",tase,TASE VASTATTAVAA,VIERAS PÄÄOMA,Lyhytaikainen,Lyhytaikainen (korollinen vieras pääoma),,LL,2023
260,2520,Lainat julkisyhteisöiltä,tase,TASE VASTATTAVAA,VIERAS PÄÄOMA,Lyhytaikainen,Lyhytaikainen (korollinen vieras pääoma),,"Kunta, ky, LL, Kons",2023
261,2521,"Pitkäaikaisten lainojen seuraavan vuoden lyhennykset, lainat julkisyhteisöiltä, tili",tase,TASE VASTATTAVAA,VIERAS PÄÄOMA,Lyhytaikainen,Lyhytaikainen (korollinen vieras pääoma),,"Kunta, ky, LL, Kons",2023
262,2530,Lainat muilta luotonantajilta,tase,TASE VASTATTAVAA,VIERAS PÄÄOMA,Lyhytaikainen,Lyhytaikainen (korollinen vieras pääoma),,"Kunta, ky, LL, Kons",2023
263,2531,"Pitkäaikaisten lainojen seuraavan vuoden lyhennykset, lainat muilta luotonantajilta, tili",tase,TASE VASTATTAVAA,VIERAS PÄÄOMA,Lyhytaikainen,Lyhytaikainen (korollinen vieras pääoma),,"Kunta, ky, LL, Kons",2023
264,2540,Saadut ennakot,tase,TASE VASTATTAVAA,VIERAS PÄÄOMA,Lyhytaikainen,Lyhytaikainen (koroton vieras pääoma),,"Kunta, ky, LL, Kons",2023
265,2545,Ostovelat,tase,TASE VASTATTAVAA,VIERAS PÄÄOMA,Lyhytaikainen,Lyhytaikainen (koroton vieras pääoma),,"Kunta, ky, LL, Kons",2023
266,2550,Korottomat velat kunnalta/kuntayhtymältä,tase,TASE VASTATTAVAA,VIERAS PÄÄOMA,Lyhytaikainen,Lyhytaikainen (koroton vieras pääoma),,LL,2023
267,2561,Johdannaissopimusten perusteella vastaanotetut käteisvakuudet,tase,TASE VASTATTAVAA,VIERAS PÄÄOMA,Lyhytaikainen,Lyhytaikainen (koroton vieras pääoma),Muut velat/Liittymismaksut ja muut velat,,2023
268,2563,Alv-velka,tase,TASE VASTATTAVAA,VIERAS PÄÄOMA,Lyhytaikainen,Lyhytaikainen (koroton vieras pääoma),Muut velat/Liittymismaksut ja muut velat,,2023
269,2568,Liittymismaksuvelat,tase,TASE VASTATTAVAA,VIERAS PÄÄOMA,Lyhytaikainen,Lyhytaikainen (koroton vieras pääoma),Muut velat/Liittymismaksut ja muut velat,,2023
270,2569,Muut velat,tase,TASE VASTATTAVAA,VIERAS PÄÄOMA,Lyhytaikainen,Lyhytaikainen (koroton vieras pääoma),Muut velat/Liittymismaksut ja muut velat,,2023
271,2579,Siirtyvät korot,tase,TASE VASTATTAVAA,VIERAS PÄÄOMA,Lyhytaikainen,Lyhytaikainen (koroton vieras pääoma),Siirtovelat,,2023
272,2580,Lomapalkkajaksotus,tase,TASE VASTATTAVAA,VIERAS PÄÄOMA,Lyhytaikainen,Lyhytaikainen (koroton vieras pääoma),Siirtovelat,,2023
273,2589,Muut siirtovelat,tase,TASE VASTATTAVAA,VIERAS PÄÄOMA,Lyhytaikainen,Lyhytaikainen (koroton vieras pääoma),Siirtovelat,,2023
274,2590,Laskennalliset verovelat,tase,TASE VASTATTAVAA,VIERAS PÄÄOMA,Lyhytaikainen,Lyhytaikainen (koroton vieras pääoma),,Kons,2023
